-- MySQL Administrator dump 1.4
--
-- ------------------------------------------------------
-- Server version	5.0.51a-3ubuntu5.1-log


/*!40101 SET @OLD_CHARACTER_SET_CLIENT=@@CHARACTER_SET_CLIENT */;
/*!40101 SET @OLD_CHARACTER_SET_RESULTS=@@CHARACTER_SET_RESULTS */;
/*!40101 SET @OLD_COLLATION_CONNECTION=@@COLLATION_CONNECTION */;
/*!40101 SET NAMES utf8 */;

/*!40014 SET @OLD_UNIQUE_CHECKS=@@UNIQUE_CHECKS, UNIQUE_CHECKS=0 */;
/*!40014 SET @OLD_FOREIGN_KEY_CHECKS=@@FOREIGN_KEY_CHECKS, FOREIGN_KEY_CHECKS=0 */;
/*!40101 SET @OLD_SQL_MODE=@@SQL_MODE, SQL_MODE='NO_AUTO_VALUE_ON_ZERO' */;


--
-- Create schema bingo
--

CREATE DATABASE IF NOT EXISTS bingo;
USE bingo;

--
-- Definition of table `ganador`
--

DROP TABLE IF EXISTS `ganador`;
CREATE TABLE `ganador` (
  `idparticipante` int(10) unsigned NOT NULL,
  `idjuego` int(10) unsigned NOT NULL,
  PRIMARY KEY  (`idparticipante`,`idjuego`),
  KEY `participante_has_juego_FKIndex1` (`idparticipante`),
  KEY `participante_has_juego_FKIndex2` (`idjuego`),
  CONSTRAINT `ganador_ibfk_1` FOREIGN KEY (`idparticipante`) REFERENCES `participante` (`idparticipante`) ON DELETE NO ACTION ON UPDATE NO ACTION,
  CONSTRAINT `ganador_ibfk_2` FOREIGN KEY (`idjuego`) REFERENCES `juego` (`idjuego`) ON DELETE NO ACTION ON UPDATE NO ACTION
) ENGINE=InnoDB DEFAULT CHARSET=latin1;

--
-- Dumping data for table `ganador`
--

/*!40000 ALTER TABLE `ganador` DISABLE KEYS */;
/*!40000 ALTER TABLE `ganador` ENABLE KEYS */;


--
-- Definition of table `juego`
--

DROP TABLE IF EXISTS `juego`;
CREATE TABLE `juego` (
  `idjuego` int(10) unsigned NOT NULL auto_increment,
  `nombre` varchar(100) default NULL,
  `fecha` date default NULL,
  `numeros_sorteados` smallint(5) unsigned default NULL,
  PRIMARY KEY  (`idjuego`)
) ENGINE=InnoDB AUTO_INCREMENT=7 DEFAULT CHARSET=latin1;

--
-- Dumping data for table `juego`
--

/*!40000 ALTER TABLE `juego` DISABLE KEYS */;
INSERT INTO `juego` (`idjuego`,`nombre`,`fecha`,`numeros_sorteados`) VALUES 
 (1,'Juego 1-error','2007-11-03',23),
 (2,'Juego 1b','2008-10-31',12),
 (3,'Juego 2','2007-11-03',65),
 (4,'Juego 3','2007-11-04',68),
 (5,'Juego 4','2007-11-04',61),
 (6,'Juego 5','2007-11-04',71);
/*!40000 ALTER TABLE `juego` ENABLE KEYS */;


--
-- Definition of table `juego_numero`
--

DROP TABLE IF EXISTS `juego_numero`;
CREATE TABLE `juego_numero` (
  `idjuego_numero` int(10) unsigned NOT NULL auto_increment,
  `idjuego` int(10) unsigned NOT NULL,
  `numero` smallint(5) unsigned default NULL,
  PRIMARY KEY  (`idjuego_numero`),
  KEY `juego_numero_FKIndex1` (`idjuego`),
  CONSTRAINT `juego_numero_ibfk_1` FOREIGN KEY (`idjuego`) REFERENCES `juego` (`idjuego`) ON DELETE NO ACTION ON UPDATE NO ACTION
) ENGINE=InnoDB DEFAULT CHARSET=latin1;

--
-- Dumping data for table `juego_numero`
--

/*!40000 ALTER TABLE `juego_numero` DISABLE KEYS */;
/*!40000 ALTER TABLE `juego_numero` ENABLE KEYS */;


--
-- Definition of table `juego_terminado`
--

DROP TABLE IF EXISTS `juego_terminado`;
CREATE TABLE `juego_terminado` (
  `id` int(10) unsigned NOT NULL auto_increment,
  `idjuego` int(10) unsigned NOT NULL,
  `idjuego_tipo` int(10) unsigned NOT NULL,
  `cantidad` smallint(5) unsigned default NULL,
  `date` datetime default NULL,
  PRIMARY KEY  (`id`,`idjuego`,`idjuego_tipo`),
  KEY `juego_has_juego_tipo_FKIndex1` (`idjuego`),
  KEY `juego_has_juego_tipo_FKIndex2` (`idjuego_tipo`),
  CONSTRAINT `juego_terminado_ibfk_1` FOREIGN KEY (`idjuego`) REFERENCES `juego` (`idjuego`) ON DELETE NO ACTION ON UPDATE NO ACTION,
  CONSTRAINT `juego_terminado_ibfk_2` FOREIGN KEY (`idjuego_tipo`) REFERENCES `juego_tipo` (`idjuego_tipo`) ON DELETE NO ACTION ON UPDATE NO ACTION
) ENGINE=InnoDB AUTO_INCREMENT=39 DEFAULT CHARSET=latin1;

--
-- Dumping data for table `juego_terminado`
--

/*!40000 ALTER TABLE `juego_terminado` DISABLE KEYS */;
INSERT INTO `juego_terminado` (`id`,`idjuego`,`idjuego_tipo`,`cantidad`,`date`) VALUES 
 (1,1,1,1,'2007-11-03 00:00:00'),
 (2,1,1,1,'2007-11-03 00:00:00'),
 (3,1,1,1,'2007-11-03 00:00:00'),
 (4,1,1,1,'2007-11-03 00:00:00'),
 (5,1,1,1,'2007-11-03 00:00:00'),
 (6,1,1,1,'2007-11-03 00:00:00'),
 (7,1,2,2,'2007-11-03 00:00:00'),
 (10,4,1,3,'2007-11-03 17:54:08'),
 (11,4,1,1,'2007-11-03 17:54:11'),
 (12,4,2,1,'2007-11-03 17:54:15'),
 (13,4,1,2,'2007-11-03 17:55:34'),
 (14,4,1,1,'2007-11-03 17:55:37'),
 (15,4,1,1,'2007-11-03 17:55:44'),
 (16,4,1,5,'2007-11-03 17:57:46'),
 (17,4,2,4,'2007-11-03 17:57:50'),
 (20,1,1,3,'2007-11-03 18:05:48'),
 (21,1,2,6,'2007-11-03 18:05:52'),
 (22,1,1,2,'2007-11-03 18:07:59'),
 (23,1,1,4,'2007-11-03 18:08:02'),
 (24,1,1,3,'2007-11-03 18:11:15'),
 (25,1,2,6,'2007-11-03 18:11:19'),
 (26,5,1,5,'2007-11-03 18:12:09'),
 (27,5,1,9,'2007-11-03 18:12:12'),
 (28,1,1,2,'2007-11-03 21:26:30'),
 (29,1,1,1,'2007-11-03 22:23:54'),
 (31,3,1,1,'2007-11-03 23:51:07'),
 (32,3,2,1,'2007-11-03 23:51:12'),
 (33,4,1,1,'2007-11-04 01:15:37'),
 (34,4,2,1,'2007-11-04 01:15:42'),
 (35,5,1,1,'2007-11-04 01:48:12'),
 (36,5,2,1,'2007-11-04 01:48:17'),
 (37,6,1,3,'2007-11-04 02:36:51'),
 (38,6,2,4,'2007-11-04 02:36:58');
/*!40000 ALTER TABLE `juego_terminado` ENABLE KEYS */;


--
-- Definition of table `juego_tipo`
--

DROP TABLE IF EXISTS `juego_tipo`;
CREATE TABLE `juego_tipo` (
  `idjuego_tipo` int(10) unsigned NOT NULL auto_increment,
  `nombre` varchar(100) default NULL,
  PRIMARY KEY  (`idjuego_tipo`)
) ENGINE=InnoDB AUTO_INCREMENT=3 DEFAULT CHARSET=latin1;

--
-- Dumping data for table `juego_tipo`
--

/*!40000 ALTER TABLE `juego_tipo` DISABLE KEYS */;
INSERT INTO `juego_tipo` (`idjuego_tipo`,`nombre`) VALUES 
 (1,'Liena'),
 (2,'Bingo');
/*!40000 ALTER TABLE `juego_tipo` ENABLE KEYS */;


--
-- Definition of table `participante`
--

DROP TABLE IF EXISTS `participante`;
CREATE TABLE `participante` (
  `idparticipante` int(10) unsigned NOT NULL auto_increment,
  `nombre` varchar(100) default NULL,
  PRIMARY KEY  (`idparticipante`)
) ENGINE=InnoDB DEFAULT CHARSET=latin1;

--
-- Dumping data for table `participante`
--

/*!40000 ALTER TABLE `participante` DISABLE KEYS */;
/*!40000 ALTER TABLE `participante` ENABLE KEYS */;


--
-- Definition of table `premio`
--

DROP TABLE IF EXISTS `premio`;
CREATE TABLE `premio` (
  `idpremio` int(10) unsigned NOT NULL auto_increment,
  `premio` varchar(100) default NULL,
  PRIMARY KEY  (`idpremio`)
) ENGINE=InnoDB DEFAULT CHARSET=latin1;

--
-- Dumping data for table `premio`
--

/*!40000 ALTER TABLE `premio` DISABLE KEYS */;
/*!40000 ALTER TABLE `premio` ENABLE KEYS */;


--
-- Definition of table `tarjeta`
--

DROP TABLE IF EXISTS `tarjeta`;
CREATE TABLE `tarjeta` (
  `idtarjeta` int(10) unsigned NOT NULL auto_increment,
  `idjuego` int(10) unsigned NOT NULL,
  `numero` smallint(5) unsigned default NULL,
  `fila` smallint(5) unsigned default NULL,
  `columna` smallint(5) unsigned default NULL,
  `visible` tinyint(1) default '0',
  `final` tinyint(1) default '0',
  `inicio` tinyint(1) default '0',
  `touch` timestamp NOT NULL default CURRENT_TIMESTAMP on update CURRENT_TIMESTAMP,
  PRIMARY KEY  (`idtarjeta`),
  KEY `juego_numero_FKIndex1` (`idjuego`),
  CONSTRAINT `tarjeta_ibfk_1` FOREIGN KEY (`idjuego`) REFERENCES `juego` (`idjuego`) ON DELETE NO ACTION ON UPDATE NO ACTION
) ENGINE=InnoDB AUTO_INCREMENT=2301 DEFAULT CHARSET=latin1;

--
-- Dumping data for table `tarjeta`
--

/*!40000 ALTER TABLE `tarjeta` DISABLE KEYS */;
INSERT INTO `tarjeta` (`idtarjeta`,`idjuego`,`numero`,`fila`,`columna`,`visible`,`final`,`inicio`,`touch`) VALUES 
 (1,3,1,1,1,1,0,0,'2007-11-03 23:33:02'),
 (2,3,11,1,2,1,0,0,'2007-11-03 23:33:02'),
 (3,3,21,1,3,0,0,0,'2007-11-03 23:33:03'),
 (4,3,31,1,4,1,0,0,'2007-11-03 23:33:03'),
 (5,3,41,1,5,0,0,0,'2007-11-03 23:33:03'),
 (6,3,51,1,6,1,0,0,'2007-11-03 23:33:03'),
 (7,3,61,1,7,1,0,0,'2007-11-03 23:33:03'),
 (8,3,71,1,8,1,0,0,'2007-11-03 23:33:03'),
 (9,3,81,1,9,1,0,0,'2007-11-03 23:33:03'),
 (10,3,91,1,10,0,0,0,'2007-11-03 23:33:03'),
 (11,3,2,2,1,0,0,0,'2007-11-03 23:33:03'),
 (12,3,12,2,2,1,0,0,'2007-11-03 23:33:03'),
 (13,3,22,2,3,1,0,0,'2007-11-03 23:33:03'),
 (14,3,32,2,4,0,0,0,'2007-11-03 23:33:03'),
 (15,3,42,2,5,1,0,0,'2007-11-03 23:33:03'),
 (16,3,52,2,6,1,0,0,'2007-11-03 23:33:03'),
 (17,3,62,2,7,0,0,0,'2007-11-03 23:33:04'),
 (18,3,72,2,8,1,0,0,'2007-11-03 23:33:04'),
 (19,3,82,2,9,1,0,0,'2007-11-03 23:33:04'),
 (20,3,92,2,10,0,0,0,'2007-11-03 23:33:04'),
 (21,3,3,3,1,1,0,0,'2007-11-03 23:33:04'),
 (22,3,13,3,2,0,0,0,'2007-11-03 23:33:04'),
 (23,3,23,3,3,1,0,0,'2007-11-03 23:33:04'),
 (24,3,33,3,4,0,0,0,'2007-11-03 23:33:04'),
 (25,3,43,3,5,0,0,0,'2007-11-03 23:33:04'),
 (26,3,53,3,6,1,0,0,'2007-11-03 23:33:04'),
 (27,3,63,3,7,1,0,0,'2007-11-03 23:33:04'),
 (28,3,73,3,8,0,0,0,'2007-11-03 23:33:05'),
 (29,3,83,3,9,1,0,0,'2007-11-03 23:33:05'),
 (30,3,93,3,10,0,0,0,'2007-11-03 23:33:05'),
 (31,3,4,4,1,1,0,0,'2007-11-03 23:33:05'),
 (32,3,14,4,2,1,0,0,'2007-11-03 23:33:05'),
 (33,3,24,4,3,1,0,0,'2007-11-03 23:33:05'),
 (34,3,34,4,4,1,0,0,'2007-11-03 23:33:05'),
 (35,3,44,4,5,1,0,0,'2007-11-03 23:33:05'),
 (36,3,54,4,6,1,0,0,'2007-11-03 23:33:05'),
 (37,3,64,4,7,1,0,0,'2007-11-03 23:33:05'),
 (38,3,74,4,8,1,0,0,'2007-11-03 23:33:05'),
 (39,3,84,4,9,1,0,0,'2007-11-03 23:33:05'),
 (40,3,94,4,10,0,0,0,'2007-11-03 23:33:05'),
 (41,3,5,5,1,1,0,0,'2007-11-03 23:33:05'),
 (42,3,15,5,2,1,0,0,'2007-11-03 23:33:05'),
 (43,3,25,5,3,0,0,0,'2007-11-03 23:33:06'),
 (44,3,35,5,4,1,0,0,'2007-11-03 23:33:06'),
 (45,3,45,5,5,1,0,0,'2007-11-03 23:33:06'),
 (46,3,55,5,6,0,0,0,'2007-11-03 23:33:06'),
 (47,3,65,5,7,1,0,0,'2007-11-03 23:33:06'),
 (48,3,75,5,8,1,0,0,'2007-11-03 23:33:06'),
 (49,3,85,5,9,1,0,0,'2007-11-03 23:33:06'),
 (50,3,95,5,10,0,0,0,'2007-11-03 23:33:06'),
 (51,3,6,6,1,0,0,0,'2007-11-03 23:33:06'),
 (52,3,16,6,2,0,0,0,'2007-11-03 23:33:06'),
 (53,3,26,6,3,1,0,0,'2007-11-03 23:33:06'),
 (54,3,36,6,4,0,0,0,'2007-11-03 23:33:06'),
 (55,3,46,6,5,0,0,0,'2007-11-03 23:33:06'),
 (56,3,56,6,6,1,0,0,'2007-11-03 23:33:06'),
 (57,3,66,6,7,1,0,0,'2007-11-03 23:33:06'),
 (58,3,76,6,8,0,0,0,'2007-11-03 23:33:07'),
 (59,3,86,6,9,0,0,0,'2007-11-03 23:33:07'),
 (60,3,96,6,10,0,0,0,'2007-11-03 23:33:07'),
 (61,3,7,7,1,1,0,0,'2007-11-03 23:33:07'),
 (62,3,17,7,2,0,0,0,'2007-11-03 23:33:07'),
 (63,3,27,7,3,1,0,0,'2007-11-03 23:33:07'),
 (64,3,37,7,4,1,0,0,'2007-11-03 23:33:07'),
 (65,3,47,7,5,1,0,0,'2007-11-03 23:33:07'),
 (66,3,57,7,6,0,0,0,'2007-11-03 23:33:07'),
 (67,3,67,7,7,0,0,0,'2007-11-03 23:33:07'),
 (68,3,77,7,8,1,0,0,'2007-11-03 23:33:07'),
 (69,3,87,7,9,1,0,0,'2007-11-03 23:33:07'),
 (70,3,97,7,10,0,0,0,'2007-11-03 23:33:07'),
 (71,3,8,8,1,1,1,0,'2007-11-03 23:33:07'),
 (72,3,18,8,2,0,0,0,'2007-11-03 23:33:07'),
 (73,3,28,8,3,0,0,0,'2007-11-03 23:33:08'),
 (74,3,38,8,4,0,0,0,'2007-11-03 23:33:08'),
 (75,3,48,8,5,1,0,0,'2007-11-03 23:33:08'),
 (76,3,58,8,6,1,0,0,'2007-11-03 23:33:08'),
 (77,3,68,8,7,0,0,0,'2007-11-03 23:33:08'),
 (78,3,78,8,8,1,0,0,'2007-11-03 23:33:08'),
 (79,3,88,8,9,0,0,0,'2007-11-03 23:33:08'),
 (80,3,98,8,10,0,0,0,'2007-11-03 23:33:08'),
 (81,3,9,9,1,1,0,0,'2007-11-03 23:33:08'),
 (82,3,19,9,2,1,0,0,'2007-11-03 23:33:08'),
 (83,3,29,9,3,1,0,0,'2007-11-03 23:33:08'),
 (84,3,39,9,4,1,0,0,'2007-11-03 23:33:08'),
 (85,3,49,9,5,1,0,0,'2007-11-03 23:33:08'),
 (86,3,59,9,6,1,0,0,'2007-11-03 23:33:08'),
 (87,3,69,9,7,1,0,0,'2007-11-03 23:33:08'),
 (88,3,79,9,8,1,0,0,'2007-11-03 23:33:09'),
 (89,3,89,9,9,1,0,0,'2007-11-03 23:33:09'),
 (90,3,99,9,10,0,0,0,'2007-11-03 23:33:09'),
 (91,3,10,10,1,1,0,0,'2007-11-03 23:33:09'),
 (92,3,20,10,2,1,0,0,'2007-11-03 23:33:09'),
 (93,3,30,10,3,1,0,0,'2007-11-03 23:33:09'),
 (94,3,40,10,4,1,0,0,'2007-11-03 23:33:09'),
 (95,3,50,10,5,1,0,0,'2007-11-03 23:33:09'),
 (96,3,60,10,6,1,0,0,'2007-11-03 23:33:09'),
 (97,3,70,10,7,1,0,0,'2007-11-03 23:33:09'),
 (98,3,80,10,8,1,0,0,'2007-11-03 23:33:09'),
 (99,3,90,10,9,1,0,0,'2007-11-03 23:33:09'),
 (100,3,100,10,10,0,0,0,'2007-11-03 23:33:09'),
 (101,4,1,1,1,0,0,0,'2007-11-03 23:57:54'),
 (102,4,11,1,2,1,0,0,'2007-11-03 23:57:54'),
 (103,4,21,1,3,1,0,0,'2007-11-03 23:57:54'),
 (104,4,31,1,4,1,0,0,'2007-11-03 23:57:54'),
 (105,4,41,1,5,1,0,0,'2007-11-03 23:57:55'),
 (106,4,51,1,6,0,0,0,'2007-11-03 23:57:55'),
 (107,4,61,1,7,0,0,0,'2007-11-03 23:57:55'),
 (108,4,71,1,8,1,0,0,'2007-11-03 23:57:55'),
 (109,4,81,1,9,1,0,0,'2007-11-03 23:57:55'),
 (110,4,91,1,10,0,0,0,'2007-11-03 23:57:55'),
 (111,4,2,2,1,1,0,0,'2007-11-03 23:57:55'),
 (112,4,12,2,2,1,0,0,'2007-11-03 23:57:55'),
 (113,4,22,2,3,0,0,0,'2007-11-03 23:57:55'),
 (114,4,32,2,4,1,0,0,'2007-11-03 23:57:55'),
 (115,4,42,2,5,1,0,0,'2007-11-03 23:57:55'),
 (116,4,52,2,6,1,0,0,'2007-11-03 23:57:55'),
 (117,4,62,2,7,1,0,0,'2007-11-03 23:57:55'),
 (118,4,72,2,8,1,0,0,'2007-11-03 23:57:55'),
 (119,4,82,2,9,1,0,0,'2007-11-03 23:57:55'),
 (120,4,92,2,10,0,0,0,'2007-11-03 23:57:56'),
 (121,4,3,3,1,1,0,0,'2007-11-03 23:57:56'),
 (122,4,13,3,2,1,0,0,'2007-11-03 23:57:56'),
 (123,4,23,3,3,1,0,0,'2007-11-03 23:57:56'),
 (124,4,33,3,4,1,0,0,'2007-11-03 23:57:56'),
 (125,4,43,3,5,1,0,0,'2007-11-03 23:57:56'),
 (126,4,53,3,6,1,0,0,'2007-11-03 23:57:56'),
 (127,4,63,3,7,1,0,0,'2007-11-03 23:57:56'),
 (128,4,73,3,8,0,0,0,'2007-11-03 23:57:56'),
 (129,4,83,3,9,1,0,0,'2007-11-03 23:57:56'),
 (130,4,93,3,10,0,0,0,'2007-11-03 23:57:56'),
 (131,4,4,4,1,1,0,0,'2007-11-03 23:57:56'),
 (132,4,14,4,2,1,0,0,'2007-11-03 23:57:56'),
 (133,4,24,4,3,1,0,0,'2007-11-03 23:57:56'),
 (134,4,34,4,4,1,0,0,'2007-11-03 23:57:57'),
 (135,4,44,4,5,1,0,0,'2007-11-03 23:57:57'),
 (136,4,54,4,6,1,0,0,'2007-11-03 23:57:57'),
 (137,4,64,4,7,1,0,0,'2007-11-03 23:57:57'),
 (138,4,74,4,8,1,0,0,'2007-11-03 23:57:57'),
 (139,4,84,4,9,1,0,0,'2007-11-03 23:57:57'),
 (140,4,94,4,10,0,0,0,'2007-11-03 23:57:57'),
 (141,4,5,5,1,0,0,0,'2007-11-03 23:57:57'),
 (142,4,15,5,2,1,0,0,'2007-11-03 23:57:57'),
 (143,4,25,5,3,1,0,0,'2007-11-03 23:57:57'),
 (144,4,35,5,4,1,0,0,'2007-11-03 23:57:57'),
 (145,4,45,5,5,1,0,0,'2007-11-03 23:57:57'),
 (146,4,55,5,6,1,0,0,'2007-11-03 23:57:57'),
 (147,4,65,5,7,1,0,0,'2007-11-03 23:57:57'),
 (148,4,75,5,8,1,0,0,'2007-11-03 23:57:57'),
 (149,4,85,5,9,0,0,0,'2007-11-03 23:57:58'),
 (150,4,95,5,10,0,0,0,'2007-11-03 23:57:58'),
 (151,4,6,6,1,1,0,0,'2007-11-03 23:57:58'),
 (152,4,16,6,2,1,0,0,'2007-11-03 23:57:58'),
 (153,4,26,6,3,1,0,0,'2007-11-03 23:57:58'),
 (154,4,36,6,4,1,0,0,'2007-11-03 23:57:58'),
 (155,4,46,6,5,0,0,0,'2007-11-03 23:57:58'),
 (156,4,56,6,6,0,0,0,'2007-11-03 23:57:58'),
 (157,4,66,6,7,1,0,0,'2007-11-03 23:57:58'),
 (158,4,76,6,8,0,0,0,'2007-11-03 23:57:58'),
 (159,4,86,6,9,1,0,0,'2007-11-03 23:57:58'),
 (160,4,96,6,10,0,0,0,'2007-11-03 23:57:58'),
 (161,4,7,7,1,1,0,0,'2007-11-03 23:57:58'),
 (162,4,17,7,2,1,0,0,'2007-11-03 23:57:59'),
 (163,4,27,7,3,0,0,0,'2007-11-03 23:57:59'),
 (164,4,37,7,4,1,0,0,'2007-11-03 23:57:59'),
 (165,4,47,7,5,1,0,0,'2007-11-03 23:57:59'),
 (166,4,57,7,6,0,0,0,'2007-11-03 23:57:59'),
 (167,4,67,7,7,1,0,0,'2007-11-03 23:57:59'),
 (168,4,77,7,8,0,0,0,'2007-11-03 23:57:59'),
 (169,4,87,7,9,1,0,0,'2007-11-03 23:57:59'),
 (170,4,97,7,10,0,0,0,'2007-11-03 23:57:59'),
 (171,4,8,8,1,1,0,0,'2007-11-03 23:57:59'),
 (172,4,18,8,2,0,0,0,'2007-11-03 23:57:59'),
 (173,4,28,8,3,1,0,0,'2007-11-03 23:57:59'),
 (174,4,38,8,4,1,0,0,'2007-11-03 23:57:59'),
 (175,4,48,8,5,1,0,0,'2007-11-03 23:57:59'),
 (176,4,58,8,6,1,0,0,'2007-11-03 23:58:00'),
 (177,4,68,8,7,1,1,0,'2007-11-03 23:58:00'),
 (178,4,78,8,8,0,0,0,'2007-11-03 23:58:00'),
 (179,4,88,8,9,0,0,0,'2007-11-03 23:58:00'),
 (180,4,98,8,10,0,0,0,'2007-11-03 23:58:00'),
 (181,4,9,9,1,1,0,0,'2007-11-03 23:58:00'),
 (182,4,19,9,2,1,0,0,'2007-11-03 23:58:00'),
 (183,4,29,9,3,0,0,0,'2007-11-03 23:58:00'),
 (184,4,39,9,4,1,0,0,'2007-11-03 23:58:00'),
 (185,4,49,9,5,1,0,0,'2007-11-03 23:58:00'),
 (186,4,59,9,6,0,0,0,'2007-11-03 23:58:00'),
 (187,4,69,9,7,1,0,0,'2007-11-03 23:58:00'),
 (188,4,79,9,8,1,0,0,'2007-11-03 23:58:00'),
 (189,4,89,9,9,1,0,0,'2007-11-03 23:58:00'),
 (190,4,99,9,10,0,0,0,'2007-11-03 23:58:00'),
 (191,4,10,10,1,0,0,0,'2007-11-03 23:58:01'),
 (192,4,20,10,2,1,0,0,'2007-11-03 23:58:01'),
 (193,4,30,10,3,1,0,0,'2007-11-03 23:58:01'),
 (194,4,40,10,4,0,0,0,'2007-11-03 23:58:01'),
 (195,4,50,10,5,1,0,0,'2007-11-03 23:58:01'),
 (196,4,60,10,6,1,0,0,'2007-11-03 23:58:01'),
 (197,4,70,10,7,1,0,0,'2007-11-03 23:58:01'),
 (198,4,80,10,8,0,0,0,'2007-11-03 23:58:01'),
 (199,4,90,10,9,1,0,0,'2007-11-03 23:58:01'),
 (200,4,100,10,10,0,0,0,'2007-11-03 23:58:01'),
 (201,5,1,1,1,1,0,0,'2007-11-04 01:26:25'),
 (202,5,11,1,2,1,0,0,'2007-11-04 01:26:25'),
 (203,5,21,1,3,1,0,0,'2007-11-04 01:26:25'),
 (204,5,31,1,4,1,0,0,'2007-11-04 01:26:25'),
 (205,5,41,1,5,0,0,0,'2007-11-04 01:26:25'),
 (206,5,51,1,6,0,0,0,'2007-11-04 01:26:25'),
 (207,5,61,1,7,1,0,0,'2007-11-04 01:26:26'),
 (208,5,71,1,8,1,0,0,'2007-11-04 01:26:26'),
 (209,5,81,1,9,1,0,0,'2007-11-04 01:26:26'),
 (210,5,91,1,10,0,0,0,'2007-11-04 01:26:26'),
 (211,5,2,2,1,0,0,0,'2007-11-04 01:26:26'),
 (212,5,12,2,2,1,0,0,'2007-11-04 01:26:26'),
 (213,5,22,2,3,1,0,0,'2007-11-04 01:26:26'),
 (214,5,32,2,4,0,0,0,'2007-11-04 01:26:26'),
 (215,5,42,2,5,1,0,0,'2007-11-04 01:26:26'),
 (216,5,52,2,6,1,0,0,'2007-11-04 01:26:26'),
 (217,5,62,2,7,0,0,0,'2007-11-04 01:26:26'),
 (218,5,72,2,8,1,0,0,'2007-11-04 01:26:27'),
 (219,5,82,2,9,1,0,0,'2007-11-04 01:26:27'),
 (220,5,92,2,10,0,0,0,'2007-11-04 01:26:27'),
 (221,5,3,3,1,1,0,0,'2007-11-04 01:26:27'),
 (222,5,13,3,2,1,0,0,'2007-11-04 01:26:27'),
 (223,5,23,3,3,1,1,0,'2007-11-04 01:26:27'),
 (224,5,33,3,4,1,0,0,'2007-11-04 01:26:27'),
 (225,5,43,3,5,1,0,0,'2007-11-04 01:26:27'),
 (226,5,53,3,6,1,0,0,'2007-11-04 01:26:27'),
 (227,5,63,3,7,0,0,0,'2007-11-04 01:26:27'),
 (228,5,73,3,8,1,0,0,'2007-11-04 01:26:27'),
 (229,5,83,3,9,0,0,0,'2007-11-04 01:26:28'),
 (230,5,93,3,10,0,0,0,'2007-11-04 01:26:28'),
 (231,5,4,4,1,1,0,0,'2007-11-04 01:26:28'),
 (232,5,14,4,2,1,0,0,'2007-11-04 01:26:28'),
 (233,5,24,4,3,1,0,0,'2007-11-04 01:26:28'),
 (234,5,34,4,4,1,0,0,'2007-11-04 01:26:28'),
 (235,5,44,4,5,0,0,0,'2007-11-04 01:26:28'),
 (236,5,54,4,6,0,0,0,'2007-11-04 01:26:28'),
 (237,5,64,4,7,1,0,0,'2007-11-04 01:26:28'),
 (238,5,74,4,8,1,0,0,'2007-11-04 01:26:28'),
 (239,5,84,4,9,1,0,0,'2007-11-04 01:26:28'),
 (240,5,94,4,10,0,0,0,'2007-11-04 01:26:28'),
 (241,5,5,5,1,1,0,0,'2007-11-04 01:26:28'),
 (242,5,15,5,2,1,0,0,'2007-11-04 01:26:28'),
 (243,5,25,5,3,0,0,0,'2007-11-04 01:26:29'),
 (244,5,35,5,4,1,0,0,'2007-11-04 01:26:29'),
 (245,5,45,5,5,0,0,0,'2007-11-04 01:26:29'),
 (246,5,55,5,6,0,0,0,'2007-11-04 01:26:29'),
 (247,5,65,5,7,0,0,0,'2007-11-04 01:26:29'),
 (248,5,75,5,8,1,0,0,'2007-11-04 01:26:29'),
 (249,5,85,5,9,0,0,0,'2007-11-04 01:26:29'),
 (250,5,95,5,10,0,0,0,'2007-11-04 01:26:29'),
 (251,5,6,6,1,0,0,0,'2007-11-04 01:26:29'),
 (252,5,16,6,2,0,0,0,'2007-11-04 01:26:29'),
 (253,5,26,6,3,1,0,0,'2007-11-04 01:26:29'),
 (254,5,36,6,4,1,0,0,'2007-11-04 01:26:29'),
 (255,5,46,6,5,1,0,0,'2007-11-04 01:26:29'),
 (256,5,56,6,6,1,0,0,'2007-11-04 01:26:29'),
 (257,5,66,6,7,1,0,0,'2007-11-04 01:26:29'),
 (258,5,76,6,8,1,0,0,'2007-11-04 01:26:29'),
 (259,5,86,6,9,1,0,0,'2007-11-04 01:26:30'),
 (260,5,96,6,10,0,0,0,'2007-11-04 01:26:30'),
 (261,5,7,7,1,1,0,0,'2007-11-04 01:26:30'),
 (262,5,17,7,2,0,0,0,'2007-11-04 01:26:30'),
 (263,5,27,7,3,1,0,0,'2007-11-04 01:26:30'),
 (264,5,37,7,4,1,0,0,'2007-11-04 01:26:30'),
 (265,5,47,7,5,0,0,0,'2007-11-04 01:26:30'),
 (266,5,57,7,6,0,0,0,'2007-11-04 01:26:30'),
 (267,5,67,7,7,0,0,0,'2007-11-04 01:26:30'),
 (268,5,77,7,8,1,0,0,'2007-11-04 01:26:30'),
 (269,5,87,7,9,0,0,0,'2007-11-04 01:26:30'),
 (270,5,97,7,10,0,0,0,'2007-11-04 01:26:30'),
 (271,5,8,8,1,1,0,0,'2007-11-04 01:26:30'),
 (272,5,18,8,2,1,0,0,'2007-11-04 01:26:30'),
 (273,5,28,8,3,1,0,0,'2007-11-04 01:26:30'),
 (274,5,38,8,4,1,0,0,'2007-11-04 01:26:31'),
 (275,5,48,8,5,1,0,0,'2007-11-04 01:26:31'),
 (276,5,58,8,6,0,0,0,'2007-11-04 01:26:31'),
 (277,5,68,8,7,1,0,0,'2007-11-04 01:26:31'),
 (278,5,78,8,8,1,0,0,'2007-11-04 01:26:31'),
 (279,5,88,8,9,1,0,0,'2007-11-04 01:26:31'),
 (280,5,98,8,10,0,0,0,'2007-11-04 01:26:31'),
 (281,5,9,9,1,0,0,0,'2007-11-04 01:26:31'),
 (282,5,19,9,2,1,0,0,'2007-11-04 01:26:31'),
 (283,5,29,9,3,1,0,0,'2007-11-04 01:26:31'),
 (284,5,39,9,4,1,0,0,'2007-11-04 01:26:31'),
 (285,5,49,9,5,0,0,0,'2007-11-04 01:26:31'),
 (286,5,59,9,6,0,0,0,'2007-11-04 01:26:31'),
 (287,5,69,9,7,1,0,0,'2007-11-04 01:26:31'),
 (288,5,79,9,8,1,0,0,'2007-11-04 01:26:32'),
 (289,5,89,9,9,1,0,0,'2007-11-04 01:26:32'),
 (290,5,99,9,10,0,0,0,'2007-11-04 01:26:32'),
 (291,5,10,10,1,1,0,0,'2007-11-04 01:26:32'),
 (292,5,20,10,2,1,0,0,'2007-11-04 01:26:32'),
 (293,5,30,10,3,0,0,0,'2007-11-04 01:26:32'),
 (294,5,40,10,4,1,0,0,'2007-11-04 01:26:32'),
 (295,5,50,10,5,1,0,0,'2007-11-04 01:26:32'),
 (296,5,60,10,6,0,0,0,'2007-11-04 01:26:32'),
 (297,5,70,10,7,1,0,0,'2007-11-04 01:26:32'),
 (298,5,80,10,8,0,0,0,'2007-11-04 01:26:32'),
 (299,5,90,10,9,0,0,0,'2007-11-04 01:26:32'),
 (300,5,100,10,10,0,0,0,'2007-11-04 01:26:33'),
 (301,6,1,1,1,1,0,0,'2007-11-04 02:09:22'),
 (302,6,11,1,2,1,0,0,'2007-11-04 02:09:22'),
 (303,6,21,1,3,1,0,0,'2007-11-04 02:09:22'),
 (304,6,31,1,4,1,0,0,'2007-11-04 02:09:23'),
 (305,6,41,1,5,0,0,0,'2007-11-04 02:09:23'),
 (306,6,51,1,6,0,0,0,'2007-11-04 02:09:23'),
 (307,6,61,1,7,1,0,0,'2007-11-04 02:09:23'),
 (308,6,71,1,8,1,0,0,'2007-11-04 02:09:23'),
 (309,6,81,1,9,1,0,0,'2007-11-04 02:09:23'),
 (310,6,91,1,10,0,0,0,'2007-11-04 02:09:23'),
 (311,6,2,2,1,1,0,0,'2007-11-04 02:09:23'),
 (312,6,12,2,2,1,0,0,'2007-11-04 02:09:23'),
 (313,6,22,2,3,1,0,0,'2007-11-04 02:09:23'),
 (314,6,32,2,4,1,0,0,'2007-11-04 02:09:23'),
 (315,6,42,2,5,1,0,0,'2007-11-04 02:09:23'),
 (316,6,52,2,6,1,0,0,'2007-11-04 02:09:23'),
 (317,6,62,2,7,1,0,0,'2007-11-04 02:09:23'),
 (318,6,72,2,8,1,0,0,'2007-11-04 02:09:23'),
 (319,6,82,2,9,1,0,0,'2007-11-04 02:09:24'),
 (320,6,92,2,10,0,0,0,'2007-11-04 02:09:24'),
 (321,6,3,3,1,1,0,0,'2007-11-04 02:09:24'),
 (322,6,13,3,2,1,0,0,'2007-11-04 02:09:24'),
 (323,6,23,3,3,1,0,0,'2007-11-04 02:09:24'),
 (324,6,33,3,4,1,0,0,'2007-11-04 02:09:24'),
 (325,6,43,3,5,1,0,0,'2007-11-04 02:09:24'),
 (326,6,53,3,6,0,0,0,'2007-11-04 02:09:24'),
 (327,6,63,3,7,1,0,0,'2007-11-04 02:09:24'),
 (328,6,73,3,8,1,0,0,'2007-11-04 02:09:24'),
 (329,6,83,3,9,1,0,0,'2007-11-04 02:09:24'),
 (330,6,93,3,10,0,0,0,'2007-11-04 02:09:24'),
 (331,6,4,4,1,1,0,0,'2007-11-04 02:09:24'),
 (332,6,14,4,2,1,0,0,'2007-11-04 02:09:24'),
 (333,6,24,4,3,1,0,0,'2007-11-04 02:09:24'),
 (334,6,34,4,4,1,0,0,'2007-11-04 02:09:24'),
 (335,6,44,4,5,0,0,0,'2007-11-04 02:09:25'),
 (336,6,54,4,6,1,0,0,'2007-11-04 02:09:25'),
 (337,6,64,4,7,1,0,0,'2007-11-04 02:09:25'),
 (338,6,74,4,8,1,0,0,'2007-11-04 02:09:25'),
 (339,6,84,4,9,1,0,0,'2007-11-04 02:09:25'),
 (340,6,94,4,10,0,0,0,'2007-11-04 02:09:25'),
 (341,6,5,5,1,1,0,0,'2007-11-04 02:09:25'),
 (342,6,15,5,2,1,0,0,'2007-11-04 02:09:25'),
 (343,6,25,5,3,1,0,0,'2007-11-04 02:09:25'),
 (344,6,35,5,4,1,0,0,'2007-11-04 02:09:25'),
 (345,6,45,5,5,1,0,0,'2007-11-04 02:09:25'),
 (346,6,55,5,6,1,0,0,'2007-11-04 02:09:25'),
 (347,6,65,5,7,1,0,0,'2007-11-04 02:09:25'),
 (348,6,75,5,8,1,0,0,'2007-11-04 02:09:25'),
 (349,6,85,5,9,1,0,0,'2007-11-04 02:09:25'),
 (350,6,95,5,10,0,0,0,'2007-11-04 02:09:26'),
 (351,6,6,6,1,1,0,0,'2007-11-04 02:09:26'),
 (352,6,16,6,2,1,0,0,'2007-11-04 02:09:26'),
 (353,6,26,6,3,1,0,0,'2007-11-04 02:09:26'),
 (354,6,36,6,4,1,0,0,'2007-11-04 02:09:26'),
 (355,6,46,6,5,1,0,0,'2007-11-04 02:09:26'),
 (356,6,56,6,6,0,0,0,'2007-11-04 02:09:26'),
 (357,6,66,6,7,1,0,0,'2007-11-04 02:09:26'),
 (358,6,76,6,8,1,0,0,'2007-11-04 02:09:26'),
 (359,6,86,6,9,1,0,0,'2007-11-04 02:09:26'),
 (360,6,96,6,10,0,0,0,'2007-11-04 02:09:26'),
 (361,6,7,7,1,1,0,0,'2007-11-04 02:09:26'),
 (362,6,17,7,2,1,0,0,'2007-11-04 02:09:26'),
 (363,6,27,7,3,1,0,0,'2007-11-04 02:09:26'),
 (364,6,37,7,4,1,0,0,'2007-11-04 02:09:27'),
 (365,6,47,7,5,0,0,0,'2007-11-04 02:09:27'),
 (366,6,57,7,6,1,0,0,'2007-11-04 02:09:27'),
 (367,6,67,7,7,1,0,0,'2007-11-04 02:09:27'),
 (368,6,77,7,8,1,0,0,'2007-11-04 02:09:27'),
 (369,6,87,7,9,1,1,0,'2007-11-04 02:09:27'),
 (370,6,97,7,10,0,0,0,'2007-11-04 02:09:27'),
 (371,6,8,8,1,1,0,0,'2007-11-04 02:09:27'),
 (372,6,18,8,2,1,0,0,'2007-11-04 02:09:27'),
 (373,6,28,8,3,1,0,0,'2007-11-04 02:09:27'),
 (374,6,38,8,4,1,0,0,'2007-11-04 02:09:27'),
 (375,6,48,8,5,1,0,0,'2007-11-04 02:09:27'),
 (376,6,58,8,6,0,0,0,'2007-11-04 02:09:27'),
 (377,6,68,8,7,1,0,0,'2007-11-04 02:09:27'),
 (378,6,78,8,8,1,0,0,'2007-11-04 02:09:27'),
 (379,6,88,8,9,1,0,0,'2007-11-04 02:09:27'),
 (380,6,98,8,10,0,0,0,'2007-11-04 02:09:28'),
 (381,6,9,9,1,1,0,0,'2007-11-04 02:09:28'),
 (382,6,19,9,2,0,0,0,'2007-11-04 02:09:28'),
 (383,6,29,9,3,1,0,0,'2007-11-04 02:09:28'),
 (384,6,39,9,4,1,0,0,'2007-11-04 02:09:28'),
 (385,6,49,9,5,1,0,0,'2007-11-04 02:09:28'),
 (386,6,59,9,6,0,0,0,'2007-11-04 02:09:28'),
 (387,6,69,9,7,0,0,0,'2007-11-04 02:09:28'),
 (388,6,79,9,8,1,0,0,'2007-11-04 02:09:28'),
 (389,6,89,9,9,1,0,0,'2007-11-04 02:09:28'),
 (390,6,99,9,10,0,0,0,'2007-11-04 02:09:28'),
 (391,6,10,10,1,1,0,0,'2007-11-04 02:09:28'),
 (392,6,20,10,2,1,0,0,'2007-11-04 02:09:28'),
 (393,6,30,10,3,1,0,0,'2007-11-04 02:09:28'),
 (394,6,40,10,4,0,0,0,'2007-11-04 02:09:28'),
 (395,6,50,10,5,1,0,0,'2007-11-04 02:09:29'),
 (396,6,60,10,6,1,0,0,'2007-11-04 02:09:29'),
 (397,6,70,10,7,1,0,0,'2007-11-04 02:09:29'),
 (398,6,80,10,8,1,0,0,'2007-11-04 02:09:29'),
 (399,6,90,10,9,1,0,0,'2007-11-04 02:09:29'),
 (400,6,100,10,10,0,0,0,'2007-11-04 02:09:29'),
 (401,2,1,1,1,0,0,0,'2008-10-31 01:38:19'),
 (402,2,11,1,2,1,0,0,'2008-10-31 01:38:19'),
 (403,2,21,1,3,0,0,0,'2008-10-31 01:38:19'),
 (404,2,31,1,4,0,0,0,'2008-10-31 01:38:19'),
 (405,2,41,1,5,0,0,0,'2008-10-31 01:38:19'),
 (406,2,51,1,6,1,0,0,'2008-10-31 01:38:19'),
 (407,2,61,1,7,0,0,0,'2008-10-31 01:38:19'),
 (408,2,71,1,8,0,0,0,'2008-10-31 01:38:19'),
 (409,2,81,1,9,1,0,0,'2008-10-31 01:38:19'),
 (410,2,91,1,10,0,0,0,'2008-10-31 01:38:19'),
 (411,2,2,2,1,0,0,0,'2008-10-31 01:38:19'),
 (412,2,12,2,2,1,0,0,'2008-10-31 01:38:19'),
 (413,2,22,2,3,0,0,0,'2008-10-31 01:38:19'),
 (414,2,32,2,4,0,0,0,'2008-10-31 01:38:19'),
 (415,2,42,2,5,0,0,0,'2008-10-31 01:38:19'),
 (416,2,52,2,6,0,0,0,'2008-10-31 01:38:19'),
 (417,2,62,2,7,0,0,0,'2008-10-31 01:38:19'),
 (418,2,72,2,8,0,0,0,'2008-10-31 01:38:19'),
 (419,2,82,2,9,0,0,0,'2008-10-31 01:38:19'),
 (420,2,92,2,10,0,0,0,'2008-10-31 01:38:19'),
 (421,2,3,3,1,0,0,0,'2008-10-31 01:38:19'),
 (422,2,13,3,2,1,0,0,'2008-10-31 01:38:19'),
 (423,2,23,3,3,0,0,0,'2008-10-31 01:38:19'),
 (424,2,33,3,4,1,0,0,'2008-10-31 01:38:19'),
 (425,2,43,3,5,0,0,0,'2008-10-31 01:38:19'),
 (426,2,53,3,6,0,0,0,'2008-10-31 01:38:19'),
 (427,2,63,3,7,1,0,0,'2008-10-31 01:38:20'),
 (428,2,73,3,8,1,0,0,'2008-10-31 01:38:20'),
 (429,2,83,3,9,1,0,0,'2008-10-31 01:38:20'),
 (430,2,93,3,10,0,0,0,'2008-10-31 01:38:20'),
 (431,2,4,4,1,1,0,0,'2008-10-31 01:38:20'),
 (432,2,14,4,2,0,0,0,'2008-10-31 01:38:20'),
 (433,2,24,4,3,1,0,0,'2008-10-31 01:38:20'),
 (434,2,34,4,4,1,0,0,'2008-10-31 01:38:20'),
 (435,2,44,4,5,1,0,0,'2008-10-31 01:38:20'),
 (436,2,54,4,6,1,0,0,'2008-10-31 01:38:20'),
 (437,2,64,4,7,0,0,0,'2008-10-31 01:38:20'),
 (438,2,74,4,8,0,0,0,'2008-10-31 01:38:20'),
 (439,2,84,4,9,1,0,0,'2008-10-31 01:38:20'),
 (440,2,94,4,10,0,0,0,'2008-10-31 01:38:20'),
 (441,2,5,5,1,0,0,0,'2008-10-31 01:38:20'),
 (442,2,15,5,2,0,0,0,'2008-10-31 01:38:20'),
 (443,2,25,5,3,0,0,0,'2008-10-31 01:38:20'),
 (444,2,35,5,4,1,0,0,'2008-10-31 01:38:20'),
 (445,2,45,5,5,1,0,0,'2008-10-31 01:38:20'),
 (446,2,55,5,6,1,0,0,'2008-10-31 01:38:20'),
 (447,2,65,5,7,1,0,0,'2008-10-31 01:38:20'),
 (448,2,75,5,8,0,0,0,'2008-10-31 01:38:20'),
 (449,2,85,5,9,1,0,0,'2008-10-31 01:38:20'),
 (450,2,95,5,10,0,0,0,'2008-10-31 01:38:20'),
 (451,2,6,6,1,0,0,0,'2008-10-31 01:38:20'),
 (452,2,16,6,2,1,0,0,'2008-10-31 01:38:20'),
 (453,2,26,6,3,1,0,0,'2008-10-31 01:38:20'),
 (454,2,36,6,4,0,0,0,'2008-10-31 01:38:20'),
 (455,2,46,6,5,1,0,0,'2008-10-31 01:38:20'),
 (456,2,56,6,6,0,0,0,'2008-10-31 01:38:20'),
 (457,2,66,6,7,0,0,0,'2008-10-31 01:38:20'),
 (458,2,76,6,8,1,0,0,'2008-10-31 01:38:20'),
 (459,2,86,6,9,0,0,0,'2008-10-31 01:38:20'),
 (460,2,96,6,10,0,0,0,'2008-10-31 01:38:20'),
 (461,2,7,7,1,0,0,0,'2008-10-31 01:38:20'),
 (462,2,17,7,2,0,0,0,'2008-10-31 01:38:20'),
 (463,2,27,7,3,0,0,0,'2008-10-31 01:38:20'),
 (464,2,37,7,4,1,0,0,'2008-10-31 01:38:20'),
 (465,2,47,7,5,1,0,0,'2008-10-31 01:38:20'),
 (466,2,57,7,6,0,0,0,'2008-10-31 01:38:20'),
 (467,2,67,7,7,0,0,0,'2008-10-31 01:38:20'),
 (468,2,77,7,8,0,0,0,'2008-10-31 01:38:20'),
 (469,2,87,7,9,0,0,0,'2008-10-31 01:38:20'),
 (470,2,97,7,10,0,0,0,'2008-10-31 01:38:20'),
 (471,2,8,8,1,1,0,0,'2008-10-31 01:38:20'),
 (472,2,18,8,2,0,0,0,'2008-10-31 01:38:20'),
 (473,2,28,8,3,0,0,0,'2008-10-31 01:38:20'),
 (474,2,38,8,4,0,0,0,'2008-10-31 01:38:20'),
 (475,2,48,8,5,0,0,0,'2008-10-31 01:38:20'),
 (476,2,58,8,6,0,0,0,'2008-10-31 01:38:20'),
 (477,2,68,8,7,0,0,0,'2008-10-31 01:38:20'),
 (478,2,78,8,8,1,0,0,'2008-10-31 01:38:20'),
 (479,2,88,8,9,1,1,0,'2008-10-31 01:38:20'),
 (480,2,98,8,10,0,0,0,'2008-10-31 01:38:20'),
 (481,2,9,9,1,0,0,0,'2008-10-31 01:38:20'),
 (482,2,19,9,2,1,0,0,'2008-10-31 01:38:20'),
 (483,2,29,9,3,1,0,0,'2008-10-31 01:38:20'),
 (484,2,39,9,4,0,0,0,'2008-10-31 01:38:20'),
 (485,2,49,9,5,0,0,0,'2008-10-31 01:38:20'),
 (486,2,59,9,6,0,0,0,'2008-10-31 01:38:20'),
 (487,2,69,9,7,1,0,0,'2008-10-31 01:38:20'),
 (488,2,79,9,8,0,0,0,'2008-10-31 01:38:20'),
 (489,2,89,9,9,0,0,0,'2008-10-31 01:38:20'),
 (490,2,99,9,10,0,0,0,'2008-10-31 01:38:20'),
 (491,2,10,10,1,0,0,0,'2008-10-31 01:38:20'),
 (492,2,20,10,2,0,0,0,'2008-10-31 01:38:20'),
 (493,2,30,10,3,1,0,0,'2008-10-31 01:38:20'),
 (494,2,40,10,4,1,0,0,'2008-10-31 01:38:20'),
 (495,2,50,10,5,0,0,0,'2008-10-31 01:38:20'),
 (496,2,60,10,6,1,0,0,'2008-10-31 01:38:20'),
 (497,2,70,10,7,0,0,0,'2008-10-31 01:38:20'),
 (498,2,80,10,8,0,0,0,'2008-10-31 01:38:20'),
 (499,2,90,10,9,0,0,0,'2008-10-31 01:38:20'),
 (500,2,100,10,10,0,0,0,'2008-10-31 01:38:20'),
 (501,6,1,1,1,0,0,0,'2008-10-31 01:40:22'),
 (502,6,11,1,2,0,0,0,'2008-10-31 01:40:22'),
 (503,6,21,1,3,0,0,0,'2008-10-31 01:40:22'),
 (504,6,31,1,4,0,0,0,'2008-10-31 01:40:22'),
 (505,6,41,1,5,0,0,0,'2008-10-31 01:40:22'),
 (506,6,51,1,6,0,0,0,'2008-10-31 01:40:22'),
 (507,6,61,1,7,0,0,0,'2008-10-31 01:40:22'),
 (508,6,71,1,8,0,0,0,'2008-10-31 01:40:22'),
 (509,6,81,1,9,0,0,0,'2008-10-31 01:40:22'),
 (510,6,91,1,10,0,0,0,'2008-10-31 01:40:22'),
 (511,6,2,2,1,0,0,0,'2008-10-31 01:40:22'),
 (512,6,12,2,2,0,0,0,'2008-10-31 01:40:22'),
 (513,6,22,2,3,0,0,0,'2008-10-31 01:40:22'),
 (514,6,32,2,4,0,0,0,'2008-10-31 01:40:22'),
 (515,6,42,2,5,0,0,0,'2008-10-31 01:40:22'),
 (516,6,52,2,6,0,0,0,'2008-10-31 01:40:22'),
 (517,6,62,2,7,0,0,0,'2008-10-31 01:40:22'),
 (518,6,72,2,8,0,0,0,'2008-10-31 01:40:22'),
 (519,6,82,2,9,0,0,0,'2008-10-31 01:40:22'),
 (520,6,92,2,10,0,0,0,'2008-10-31 01:40:22'),
 (521,6,3,3,1,0,0,0,'2008-10-31 01:40:22'),
 (522,6,13,3,2,0,0,0,'2008-10-31 01:40:22'),
 (523,6,23,3,3,0,0,0,'2008-10-31 01:40:22'),
 (524,6,33,3,4,0,0,0,'2008-10-31 01:40:22'),
 (525,6,43,3,5,0,0,0,'2008-10-31 01:40:22'),
 (526,6,53,3,6,0,0,0,'2008-10-31 01:40:22'),
 (527,6,63,3,7,0,0,0,'2008-10-31 01:40:22'),
 (528,6,73,3,8,0,0,0,'2008-10-31 01:40:22'),
 (529,6,83,3,9,0,0,0,'2008-10-31 01:40:22'),
 (530,6,93,3,10,0,0,0,'2008-10-31 01:40:22'),
 (531,6,4,4,1,0,0,0,'2008-10-31 01:40:22'),
 (532,6,14,4,2,0,0,0,'2008-10-31 01:40:22'),
 (533,6,24,4,3,0,0,0,'2008-10-31 01:40:22'),
 (534,6,34,4,4,0,0,0,'2008-10-31 01:40:22'),
 (535,6,44,4,5,0,0,0,'2008-10-31 01:40:22'),
 (536,6,54,4,6,0,0,0,'2008-10-31 01:40:22'),
 (537,6,64,4,7,0,0,0,'2008-10-31 01:40:22'),
 (538,6,74,4,8,0,0,0,'2008-10-31 01:40:22'),
 (539,6,84,4,9,0,0,0,'2008-10-31 01:40:22'),
 (540,6,94,4,10,0,0,0,'2008-10-31 01:40:22'),
 (541,6,5,5,1,0,0,0,'2008-10-31 01:40:22'),
 (542,6,15,5,2,0,0,0,'2008-10-31 01:40:22'),
 (543,6,25,5,3,0,0,0,'2008-10-31 01:40:22'),
 (544,6,35,5,4,0,0,0,'2008-10-31 01:40:22'),
 (545,6,45,5,5,0,0,0,'2008-10-31 01:40:22'),
 (546,6,55,5,6,0,0,0,'2008-10-31 01:40:22'),
 (547,6,65,5,7,0,0,0,'2008-10-31 01:40:22'),
 (548,6,75,5,8,0,0,0,'2008-10-31 01:40:22'),
 (549,6,85,5,9,0,0,0,'2008-10-31 01:40:22'),
 (550,6,95,5,10,0,0,0,'2008-10-31 01:40:22'),
 (551,6,6,6,1,0,0,0,'2008-10-31 01:40:22'),
 (552,6,16,6,2,0,0,0,'2008-10-31 01:40:22'),
 (553,6,26,6,3,0,0,0,'2008-10-31 01:40:22'),
 (554,6,36,6,4,0,0,0,'2008-10-31 01:40:22'),
 (555,6,46,6,5,0,0,0,'2008-10-31 01:40:22'),
 (556,6,56,6,6,0,0,0,'2008-10-31 01:40:22'),
 (557,6,66,6,7,0,0,0,'2008-10-31 01:40:22'),
 (558,6,76,6,8,0,0,0,'2008-10-31 01:40:22'),
 (559,6,86,6,9,0,0,0,'2008-10-31 01:40:22'),
 (560,6,96,6,10,0,0,0,'2008-10-31 01:40:22'),
 (561,6,7,7,1,0,0,0,'2008-10-31 01:40:22'),
 (562,6,17,7,2,0,0,0,'2008-10-31 01:40:22'),
 (563,6,27,7,3,0,0,0,'2008-10-31 01:40:22'),
 (564,6,37,7,4,0,0,0,'2008-10-31 01:40:22'),
 (565,6,47,7,5,0,0,0,'2008-10-31 01:40:22'),
 (566,6,57,7,6,0,0,0,'2008-10-31 01:40:22'),
 (567,6,67,7,7,0,0,0,'2008-10-31 01:40:22'),
 (568,6,77,7,8,0,0,0,'2008-10-31 01:40:22'),
 (569,6,87,7,9,0,0,0,'2008-10-31 01:40:22'),
 (570,6,97,7,10,0,0,0,'2008-10-31 01:40:22'),
 (571,6,8,8,1,0,0,0,'2008-10-31 01:40:22'),
 (572,6,18,8,2,0,0,0,'2008-10-31 01:40:22'),
 (573,6,28,8,3,0,0,0,'2008-10-31 01:40:22'),
 (574,6,38,8,4,0,0,0,'2008-10-31 01:40:22'),
 (575,6,48,8,5,0,0,0,'2008-10-31 01:40:22'),
 (576,6,58,8,6,0,0,0,'2008-10-31 01:40:22'),
 (577,6,68,8,7,0,0,0,'2008-10-31 01:40:22'),
 (578,6,78,8,8,0,0,0,'2008-10-31 01:40:22'),
 (579,6,88,8,9,0,0,0,'2008-10-31 01:40:22'),
 (580,6,98,8,10,0,0,0,'2008-10-31 01:40:22'),
 (581,6,9,9,1,0,0,0,'2008-10-31 01:40:22'),
 (582,6,19,9,2,0,0,0,'2008-10-31 01:40:22'),
 (583,6,29,9,3,0,0,0,'2008-10-31 01:40:22'),
 (584,6,39,9,4,0,0,0,'2008-10-31 01:40:22'),
 (585,6,49,9,5,0,0,0,'2008-10-31 01:40:22'),
 (586,6,59,9,6,0,0,0,'2008-10-31 01:40:22'),
 (587,6,69,9,7,0,0,0,'2008-10-31 01:40:22'),
 (588,6,79,9,8,0,0,0,'2008-10-31 01:40:22'),
 (589,6,89,9,9,0,0,0,'2008-10-31 01:40:22'),
 (590,6,99,9,10,0,0,0,'2008-10-31 01:40:22'),
 (591,6,10,10,1,0,0,0,'2008-10-31 01:40:22'),
 (592,6,20,10,2,0,0,0,'2008-10-31 01:40:22'),
 (593,6,30,10,3,0,0,0,'2008-10-31 01:40:22'),
 (594,6,40,10,4,0,0,0,'2008-10-31 01:40:22'),
 (595,6,50,10,5,0,0,0,'2008-10-31 01:40:22'),
 (596,6,60,10,6,0,0,0,'2008-10-31 01:40:22'),
 (597,6,70,10,7,0,0,0,'2008-10-31 01:40:22'),
 (598,6,80,10,8,0,0,0,'2008-10-31 01:40:22'),
 (599,6,90,10,9,0,0,0,'2008-10-31 01:40:23'),
 (600,6,100,10,10,0,0,0,'2008-10-31 01:40:23'),
 (601,4,1,1,1,0,0,0,'2008-10-31 01:41:52'),
 (602,4,11,1,2,0,0,0,'2008-10-31 01:41:52'),
 (603,4,21,1,3,0,0,0,'2008-10-31 01:41:52'),
 (604,4,31,1,4,0,0,0,'2008-10-31 01:41:52'),
 (605,4,41,1,5,0,0,0,'2008-10-31 01:41:52'),
 (606,4,51,1,6,0,0,0,'2008-10-31 01:41:52'),
 (607,4,61,1,7,0,0,0,'2008-10-31 01:41:52'),
 (608,4,71,1,8,0,0,0,'2008-10-31 01:41:52'),
 (609,4,81,1,9,0,0,0,'2008-10-31 01:41:52'),
 (610,4,91,1,10,0,0,0,'2008-10-31 01:41:52'),
 (611,4,2,2,1,0,0,0,'2008-10-31 01:41:52'),
 (612,4,12,2,2,0,0,0,'2008-10-31 01:41:52'),
 (613,4,22,2,3,0,0,0,'2008-10-31 01:41:52'),
 (614,4,32,2,4,0,0,0,'2008-10-31 01:41:52'),
 (615,4,42,2,5,0,0,0,'2008-10-31 01:41:52'),
 (616,4,52,2,6,0,0,0,'2008-10-31 01:41:52'),
 (617,4,62,2,7,0,0,0,'2008-10-31 01:41:52'),
 (618,4,72,2,8,0,0,0,'2008-10-31 01:41:52'),
 (619,4,82,2,9,0,0,0,'2008-10-31 01:41:52'),
 (620,4,92,2,10,0,0,0,'2008-10-31 01:41:52'),
 (621,4,3,3,1,0,0,0,'2008-10-31 01:41:52'),
 (622,4,13,3,2,0,0,0,'2008-10-31 01:41:52'),
 (623,4,23,3,3,0,0,0,'2008-10-31 01:41:52'),
 (624,4,33,3,4,0,0,0,'2008-10-31 01:41:52'),
 (625,4,43,3,5,0,0,0,'2008-10-31 01:41:52'),
 (626,4,53,3,6,0,0,0,'2008-10-31 01:41:52'),
 (627,4,63,3,7,0,0,0,'2008-10-31 01:41:52'),
 (628,4,73,3,8,0,0,0,'2008-10-31 01:41:52'),
 (629,4,83,3,9,0,0,0,'2008-10-31 01:41:52'),
 (630,4,93,3,10,0,0,0,'2008-10-31 01:41:52'),
 (631,4,4,4,1,0,0,0,'2008-10-31 01:41:52'),
 (632,4,14,4,2,0,0,0,'2008-10-31 01:41:52'),
 (633,4,24,4,3,0,0,0,'2008-10-31 01:41:52'),
 (634,4,34,4,4,0,0,0,'2008-10-31 01:41:52'),
 (635,4,44,4,5,0,0,0,'2008-10-31 01:41:52'),
 (636,4,54,4,6,0,0,0,'2008-10-31 01:41:52'),
 (637,4,64,4,7,0,0,0,'2008-10-31 01:41:52'),
 (638,4,74,4,8,0,0,0,'2008-10-31 01:41:52'),
 (639,4,84,4,9,0,0,0,'2008-10-31 01:41:52'),
 (640,4,94,4,10,0,0,0,'2008-10-31 01:41:52'),
 (641,4,5,5,1,0,0,0,'2008-10-31 01:41:52'),
 (642,4,15,5,2,0,0,0,'2008-10-31 01:41:52'),
 (643,4,25,5,3,0,0,0,'2008-10-31 01:41:52'),
 (644,4,35,5,4,0,0,0,'2008-10-31 01:41:52'),
 (645,4,45,5,5,0,0,0,'2008-10-31 01:41:52'),
 (646,4,55,5,6,0,0,0,'2008-10-31 01:41:52'),
 (647,4,65,5,7,0,0,0,'2008-10-31 01:41:52'),
 (648,4,75,5,8,0,0,0,'2008-10-31 01:41:52'),
 (649,4,85,5,9,0,0,0,'2008-10-31 01:41:52'),
 (650,4,95,5,10,0,0,0,'2008-10-31 01:41:52'),
 (651,4,6,6,1,0,0,0,'2008-10-31 01:41:52'),
 (652,4,16,6,2,0,0,0,'2008-10-31 01:41:52'),
 (653,4,26,6,3,0,0,0,'2008-10-31 01:41:52'),
 (654,4,36,6,4,0,0,0,'2008-10-31 01:41:52'),
 (655,4,46,6,5,0,0,0,'2008-10-31 01:41:52'),
 (656,4,56,6,6,0,0,0,'2008-10-31 01:41:52'),
 (657,4,66,6,7,0,0,0,'2008-10-31 01:41:52'),
 (658,4,76,6,8,0,0,0,'2008-10-31 01:41:52'),
 (659,4,86,6,9,0,0,0,'2008-10-31 01:41:52'),
 (660,4,96,6,10,0,0,0,'2008-10-31 01:41:52'),
 (661,4,7,7,1,0,0,0,'2008-10-31 01:41:52'),
 (662,4,17,7,2,0,0,0,'2008-10-31 01:41:52'),
 (663,4,27,7,3,0,0,0,'2008-10-31 01:41:52'),
 (664,4,37,7,4,0,0,0,'2008-10-31 01:41:52'),
 (665,4,47,7,5,0,0,0,'2008-10-31 01:41:52'),
 (666,4,57,7,6,0,0,0,'2008-10-31 01:41:52'),
 (667,4,67,7,7,0,0,0,'2008-10-31 01:41:52'),
 (668,4,77,7,8,0,0,0,'2008-10-31 01:41:52'),
 (669,4,87,7,9,0,0,0,'2008-10-31 01:41:52'),
 (670,4,97,7,10,0,0,0,'2008-10-31 01:41:52'),
 (671,4,8,8,1,0,0,0,'2008-10-31 01:41:52'),
 (672,4,18,8,2,0,0,0,'2008-10-31 01:41:52'),
 (673,4,28,8,3,0,0,0,'2008-10-31 01:41:52'),
 (674,4,38,8,4,0,0,0,'2008-10-31 01:41:52'),
 (675,4,48,8,5,0,0,0,'2008-10-31 01:41:52'),
 (676,4,58,8,6,0,0,0,'2008-10-31 01:41:52'),
 (677,4,68,8,7,0,0,0,'2008-10-31 01:41:52'),
 (678,4,78,8,8,0,0,0,'2008-10-31 01:41:52'),
 (679,4,88,8,9,0,0,0,'2008-10-31 01:41:52'),
 (680,4,98,8,10,0,0,0,'2008-10-31 01:41:52'),
 (681,4,9,9,1,0,0,0,'2008-10-31 01:41:52'),
 (682,4,19,9,2,0,0,0,'2008-10-31 01:41:52'),
 (683,4,29,9,3,0,0,0,'2008-10-31 01:41:52'),
 (684,4,39,9,4,0,0,0,'2008-10-31 01:41:52'),
 (685,4,49,9,5,0,0,0,'2008-10-31 01:41:52'),
 (686,4,59,9,6,0,0,0,'2008-10-31 01:41:52'),
 (687,4,69,9,7,0,0,0,'2008-10-31 01:41:52'),
 (688,4,79,9,8,0,0,0,'2008-10-31 01:41:52'),
 (689,4,89,9,9,0,0,0,'2008-10-31 01:41:52'),
 (690,4,99,9,10,0,0,0,'2008-10-31 01:41:52'),
 (691,4,10,10,1,0,0,0,'2008-10-31 01:41:52'),
 (692,4,20,10,2,0,0,0,'2008-10-31 01:41:52'),
 (693,4,30,10,3,0,0,0,'2008-10-31 01:41:52'),
 (694,4,40,10,4,0,0,0,'2008-10-31 01:41:52'),
 (695,4,50,10,5,0,0,0,'2008-10-31 01:41:52'),
 (696,4,60,10,6,0,0,0,'2008-10-31 01:41:52'),
 (697,4,70,10,7,0,0,0,'2008-10-31 01:41:52'),
 (698,4,80,10,8,0,0,0,'2008-10-31 01:41:52'),
 (699,4,90,10,9,0,0,0,'2008-10-31 01:41:52'),
 (700,4,100,10,10,0,0,0,'2008-10-31 01:41:52'),
 (701,4,1,1,1,0,0,0,'2008-10-31 01:42:02'),
 (702,4,11,1,2,0,0,0,'2008-10-31 01:42:02'),
 (703,4,21,1,3,0,0,0,'2008-10-31 01:42:02'),
 (704,4,31,1,4,0,0,0,'2008-10-31 01:42:02'),
 (705,4,41,1,5,0,0,0,'2008-10-31 01:42:02'),
 (706,4,51,1,6,0,0,0,'2008-10-31 01:42:02'),
 (707,4,61,1,7,0,0,0,'2008-10-31 01:42:02'),
 (708,4,71,1,8,0,0,0,'2008-10-31 01:42:02'),
 (709,4,81,1,9,0,0,0,'2008-10-31 01:42:02'),
 (710,4,91,1,10,0,0,0,'2008-10-31 01:42:02'),
 (711,4,2,2,1,0,0,0,'2008-10-31 01:42:02'),
 (712,4,12,2,2,0,0,0,'2008-10-31 01:42:02'),
 (713,4,22,2,3,0,0,0,'2008-10-31 01:42:02'),
 (714,4,32,2,4,0,0,0,'2008-10-31 01:42:02'),
 (715,4,42,2,5,0,0,0,'2008-10-31 01:42:02'),
 (716,4,52,2,6,0,0,0,'2008-10-31 01:42:02'),
 (717,4,62,2,7,0,0,0,'2008-10-31 01:42:02'),
 (718,4,72,2,8,0,0,0,'2008-10-31 01:42:02'),
 (719,4,82,2,9,0,0,0,'2008-10-31 01:42:02'),
 (720,4,92,2,10,0,0,0,'2008-10-31 01:42:02'),
 (721,4,3,3,1,0,0,0,'2008-10-31 01:42:02'),
 (722,4,13,3,2,0,0,0,'2008-10-31 01:42:02'),
 (723,4,23,3,3,0,0,0,'2008-10-31 01:42:02'),
 (724,4,33,3,4,0,0,0,'2008-10-31 01:42:02'),
 (725,4,43,3,5,0,0,0,'2008-10-31 01:42:02'),
 (726,4,53,3,6,0,0,0,'2008-10-31 01:42:02'),
 (727,4,63,3,7,0,0,0,'2008-10-31 01:42:02'),
 (728,4,73,3,8,0,0,0,'2008-10-31 01:42:02'),
 (729,4,83,3,9,0,0,0,'2008-10-31 01:42:02'),
 (730,4,93,3,10,0,0,0,'2008-10-31 01:42:02'),
 (731,4,4,4,1,0,0,0,'2008-10-31 01:42:02'),
 (732,4,14,4,2,0,0,0,'2008-10-31 01:42:02'),
 (733,4,24,4,3,0,0,0,'2008-10-31 01:42:02'),
 (734,4,34,4,4,0,0,0,'2008-10-31 01:42:02'),
 (735,4,44,4,5,0,0,0,'2008-10-31 01:42:02'),
 (736,4,54,4,6,0,0,0,'2008-10-31 01:42:02'),
 (737,4,64,4,7,0,0,0,'2008-10-31 01:42:02'),
 (738,4,74,4,8,0,0,0,'2008-10-31 01:42:02'),
 (739,4,84,4,9,0,0,0,'2008-10-31 01:42:02'),
 (740,4,94,4,10,0,0,0,'2008-10-31 01:42:02'),
 (741,4,5,5,1,0,0,0,'2008-10-31 01:42:02'),
 (742,4,15,5,2,0,0,0,'2008-10-31 01:42:02'),
 (743,4,25,5,3,0,0,0,'2008-10-31 01:42:02'),
 (744,4,35,5,4,0,0,0,'2008-10-31 01:42:02'),
 (745,4,45,5,5,0,0,0,'2008-10-31 01:42:02'),
 (746,4,55,5,6,0,0,0,'2008-10-31 01:42:02'),
 (747,4,65,5,7,0,0,0,'2008-10-31 01:42:02'),
 (748,4,75,5,8,0,0,0,'2008-10-31 01:42:02'),
 (749,4,85,5,9,0,0,0,'2008-10-31 01:42:02'),
 (750,4,95,5,10,0,0,0,'2008-10-31 01:42:02'),
 (751,4,6,6,1,0,0,0,'2008-10-31 01:42:02'),
 (752,4,16,6,2,0,0,0,'2008-10-31 01:42:02'),
 (753,4,26,6,3,0,0,0,'2008-10-31 01:42:02'),
 (754,4,36,6,4,0,0,0,'2008-10-31 01:42:02'),
 (755,4,46,6,5,0,0,0,'2008-10-31 01:42:02'),
 (756,4,56,6,6,0,0,0,'2008-10-31 01:42:02'),
 (757,4,66,6,7,0,0,0,'2008-10-31 01:42:02'),
 (758,4,76,6,8,0,0,0,'2008-10-31 01:42:02'),
 (759,4,86,6,9,0,0,0,'2008-10-31 01:42:02'),
 (760,4,96,6,10,0,0,0,'2008-10-31 01:42:02'),
 (761,4,7,7,1,0,0,0,'2008-10-31 01:42:02'),
 (762,4,17,7,2,0,0,0,'2008-10-31 01:42:02'),
 (763,4,27,7,3,0,0,0,'2008-10-31 01:42:02'),
 (764,4,37,7,4,0,0,0,'2008-10-31 01:42:02'),
 (765,4,47,7,5,0,0,0,'2008-10-31 01:42:02'),
 (766,4,57,7,6,0,0,0,'2008-10-31 01:42:02'),
 (767,4,67,7,7,0,0,0,'2008-10-31 01:42:02'),
 (768,4,77,7,8,0,0,0,'2008-10-31 01:42:02'),
 (769,4,87,7,9,0,0,0,'2008-10-31 01:42:02'),
 (770,4,97,7,10,0,0,0,'2008-10-31 01:42:02'),
 (771,4,8,8,1,0,0,0,'2008-10-31 01:42:02'),
 (772,4,18,8,2,0,0,0,'2008-10-31 01:42:02'),
 (773,4,28,8,3,0,0,0,'2008-10-31 01:42:02'),
 (774,4,38,8,4,0,0,0,'2008-10-31 01:42:02'),
 (775,4,48,8,5,0,0,0,'2008-10-31 01:42:02'),
 (776,4,58,8,6,0,0,0,'2008-10-31 01:42:02'),
 (777,4,68,8,7,0,0,0,'2008-10-31 01:42:02'),
 (778,4,78,8,8,0,0,0,'2008-10-31 01:42:02'),
 (779,4,88,8,9,0,0,0,'2008-10-31 01:42:02'),
 (780,4,98,8,10,0,0,0,'2008-10-31 01:42:02'),
 (781,4,9,9,1,0,0,0,'2008-10-31 01:42:02'),
 (782,4,19,9,2,0,0,0,'2008-10-31 01:42:02'),
 (783,4,29,9,3,0,0,0,'2008-10-31 01:42:02'),
 (784,4,39,9,4,0,0,0,'2008-10-31 01:42:02'),
 (785,4,49,9,5,0,0,0,'2008-10-31 01:42:02'),
 (786,4,59,9,6,0,0,0,'2008-10-31 01:42:02'),
 (787,4,69,9,7,0,0,0,'2008-10-31 01:42:02'),
 (788,4,79,9,8,0,0,0,'2008-10-31 01:42:02'),
 (789,4,89,9,9,0,0,0,'2008-10-31 01:42:02'),
 (790,4,99,9,10,0,0,0,'2008-10-31 01:42:02'),
 (791,4,10,10,1,0,0,0,'2008-10-31 01:42:02'),
 (792,4,20,10,2,0,0,0,'2008-10-31 01:42:02'),
 (793,4,30,10,3,0,0,0,'2008-10-31 01:42:02'),
 (794,4,40,10,4,0,0,0,'2008-10-31 01:42:02'),
 (795,4,50,10,5,0,0,0,'2008-10-31 01:42:02'),
 (796,4,60,10,6,0,0,0,'2008-10-31 01:42:02'),
 (797,4,70,10,7,0,0,0,'2008-10-31 01:42:02'),
 (798,4,80,10,8,0,0,0,'2008-10-31 01:42:02'),
 (799,4,90,10,9,0,0,0,'2008-10-31 01:42:02'),
 (800,4,100,10,10,0,0,0,'2008-10-31 01:42:02'),
 (801,2,1,1,1,0,0,0,'2008-10-31 01:42:14'),
 (802,2,11,1,2,0,0,0,'2008-10-31 01:42:14'),
 (803,2,21,1,3,0,0,0,'2008-10-31 01:42:14'),
 (804,2,31,1,4,0,0,0,'2008-10-31 01:42:14'),
 (805,2,41,1,5,0,0,0,'2008-10-31 01:42:14'),
 (806,2,51,1,6,0,0,0,'2008-10-31 01:42:14'),
 (807,2,61,1,7,0,0,0,'2008-10-31 01:42:14'),
 (808,2,71,1,8,0,0,0,'2008-10-31 01:42:14'),
 (809,2,81,1,9,0,0,0,'2008-10-31 01:42:14'),
 (810,2,91,1,10,0,0,0,'2008-10-31 01:42:14'),
 (811,2,2,2,1,0,0,0,'2008-10-31 01:42:14'),
 (812,2,12,2,2,0,0,0,'2008-10-31 01:42:14'),
 (813,2,22,2,3,0,0,0,'2008-10-31 01:42:14'),
 (814,2,32,2,4,0,0,0,'2008-10-31 01:42:14'),
 (815,2,42,2,5,0,0,0,'2008-10-31 01:42:14'),
 (816,2,52,2,6,0,0,0,'2008-10-31 01:42:14'),
 (817,2,62,2,7,0,0,0,'2008-10-31 01:42:14'),
 (818,2,72,2,8,0,0,0,'2008-10-31 01:42:14'),
 (819,2,82,2,9,0,0,0,'2008-10-31 01:42:14'),
 (820,2,92,2,10,0,0,0,'2008-10-31 01:42:14'),
 (821,2,3,3,1,0,0,0,'2008-10-31 01:42:14'),
 (822,2,13,3,2,0,0,0,'2008-10-31 01:42:14'),
 (823,2,23,3,3,0,0,0,'2008-10-31 01:42:14'),
 (824,2,33,3,4,0,0,0,'2008-10-31 01:42:14'),
 (825,2,43,3,5,0,0,0,'2008-10-31 01:42:14'),
 (826,2,53,3,6,0,0,0,'2008-10-31 01:42:14'),
 (827,2,63,3,7,0,0,0,'2008-10-31 01:42:14'),
 (828,2,73,3,8,0,0,0,'2008-10-31 01:42:14'),
 (829,2,83,3,9,0,0,0,'2008-10-31 01:42:14'),
 (830,2,93,3,10,0,0,0,'2008-10-31 01:42:14'),
 (831,2,4,4,1,0,0,0,'2008-10-31 01:42:14'),
 (832,2,14,4,2,0,0,0,'2008-10-31 01:42:14'),
 (833,2,24,4,3,0,0,0,'2008-10-31 01:42:14'),
 (834,2,34,4,4,0,0,0,'2008-10-31 01:42:14'),
 (835,2,44,4,5,0,0,0,'2008-10-31 01:42:14'),
 (836,2,54,4,6,0,0,0,'2008-10-31 01:42:14'),
 (837,2,64,4,7,0,0,0,'2008-10-31 01:42:14'),
 (838,2,74,4,8,0,0,0,'2008-10-31 01:42:14'),
 (839,2,84,4,9,0,0,0,'2008-10-31 01:42:14'),
 (840,2,94,4,10,0,0,0,'2008-10-31 01:42:14'),
 (841,2,5,5,1,0,0,0,'2008-10-31 01:42:14'),
 (842,2,15,5,2,0,0,0,'2008-10-31 01:42:14'),
 (843,2,25,5,3,0,0,0,'2008-10-31 01:42:14'),
 (844,2,35,5,4,0,0,0,'2008-10-31 01:42:14'),
 (845,2,45,5,5,0,0,0,'2008-10-31 01:42:14'),
 (846,2,55,5,6,0,0,0,'2008-10-31 01:42:14'),
 (847,2,65,5,7,0,0,0,'2008-10-31 01:42:14'),
 (848,2,75,5,8,0,0,0,'2008-10-31 01:42:14'),
 (849,2,85,5,9,0,0,0,'2008-10-31 01:42:14'),
 (850,2,95,5,10,0,0,0,'2008-10-31 01:42:14'),
 (851,2,6,6,1,0,0,0,'2008-10-31 01:42:14'),
 (852,2,16,6,2,0,0,0,'2008-10-31 01:42:14'),
 (853,2,26,6,3,0,0,0,'2008-10-31 01:42:14'),
 (854,2,36,6,4,0,0,0,'2008-10-31 01:42:14'),
 (855,2,46,6,5,0,0,0,'2008-10-31 01:42:14'),
 (856,2,56,6,6,0,0,0,'2008-10-31 01:42:14'),
 (857,2,66,6,7,0,0,0,'2008-10-31 01:42:14'),
 (858,2,76,6,8,0,0,0,'2008-10-31 01:42:14'),
 (859,2,86,6,9,0,0,0,'2008-10-31 01:42:14'),
 (860,2,96,6,10,0,0,0,'2008-10-31 01:42:14'),
 (861,2,7,7,1,0,0,0,'2008-10-31 01:42:14'),
 (862,2,17,7,2,0,0,0,'2008-10-31 01:42:14'),
 (863,2,27,7,3,0,0,0,'2008-10-31 01:42:14'),
 (864,2,37,7,4,0,0,0,'2008-10-31 01:42:14'),
 (865,2,47,7,5,0,0,0,'2008-10-31 01:42:14'),
 (866,2,57,7,6,0,0,0,'2008-10-31 01:42:14'),
 (867,2,67,7,7,0,0,0,'2008-10-31 01:42:14'),
 (868,2,77,7,8,0,0,0,'2008-10-31 01:42:14'),
 (869,2,87,7,9,0,0,0,'2008-10-31 01:42:14'),
 (870,2,97,7,10,0,0,0,'2008-10-31 01:42:14'),
 (871,2,8,8,1,0,0,0,'2008-10-31 01:42:14'),
 (872,2,18,8,2,0,0,0,'2008-10-31 01:42:14'),
 (873,2,28,8,3,0,0,0,'2008-10-31 01:42:14'),
 (874,2,38,8,4,0,0,0,'2008-10-31 01:42:14'),
 (875,2,48,8,5,0,0,0,'2008-10-31 01:42:14'),
 (876,2,58,8,6,0,0,0,'2008-10-31 01:42:14'),
 (877,2,68,8,7,0,0,0,'2008-10-31 01:42:14'),
 (878,2,78,8,8,0,0,0,'2008-10-31 01:42:14'),
 (879,2,88,8,9,0,0,0,'2008-10-31 01:42:14'),
 (880,2,98,8,10,0,0,0,'2008-10-31 01:42:14'),
 (881,2,9,9,1,0,0,0,'2008-10-31 01:42:14'),
 (882,2,19,9,2,0,0,0,'2008-10-31 01:42:14'),
 (883,2,29,9,3,0,0,0,'2008-10-31 01:42:14'),
 (884,2,39,9,4,0,0,0,'2008-10-31 01:42:14'),
 (885,2,49,9,5,0,0,0,'2008-10-31 01:42:14'),
 (886,2,59,9,6,0,0,0,'2008-10-31 01:42:14'),
 (887,2,69,9,7,0,0,0,'2008-10-31 01:42:14'),
 (888,2,79,9,8,0,0,0,'2008-10-31 01:42:14'),
 (889,2,89,9,9,0,0,0,'2008-10-31 01:42:14'),
 (890,2,99,9,10,0,0,0,'2008-10-31 01:42:14'),
 (891,2,10,10,1,0,0,0,'2008-10-31 01:42:14'),
 (892,2,20,10,2,0,0,0,'2008-10-31 01:42:14'),
 (893,2,30,10,3,0,0,0,'2008-10-31 01:42:14'),
 (894,2,40,10,4,0,0,0,'2008-10-31 01:42:14'),
 (895,2,50,10,5,0,0,0,'2008-10-31 01:42:14'),
 (896,2,60,10,6,0,0,0,'2008-10-31 01:42:14'),
 (897,2,70,10,7,0,0,0,'2008-10-31 01:42:14'),
 (898,2,80,10,8,0,0,0,'2008-10-31 01:42:14'),
 (899,2,90,10,9,0,0,0,'2008-10-31 01:42:14'),
 (900,2,100,10,10,0,0,0,'2008-10-31 01:42:14'),
 (901,2,1,1,1,0,0,0,'2008-11-03 19:16:01'),
 (902,2,11,1,2,0,0,0,'2008-11-03 19:16:01'),
 (903,2,21,1,3,0,0,0,'2008-11-03 19:16:01'),
 (904,2,31,1,4,0,0,0,'2008-11-03 19:16:01'),
 (905,2,41,1,5,0,0,0,'2008-11-03 19:16:01'),
 (906,2,51,1,6,0,0,0,'2008-11-03 19:16:01'),
 (907,2,61,1,7,0,0,0,'2008-11-03 19:16:01'),
 (908,2,71,1,8,0,0,0,'2008-11-03 19:16:02'),
 (909,2,81,1,9,0,0,0,'2008-11-03 19:16:02'),
 (910,2,91,1,10,0,0,0,'2008-11-03 19:16:02'),
 (911,2,2,2,1,0,0,0,'2008-11-03 19:16:02'),
 (912,2,12,2,2,0,0,0,'2008-11-03 19:16:02'),
 (913,2,22,2,3,0,0,0,'2008-11-03 19:16:02'),
 (914,2,32,2,4,0,0,0,'2008-11-03 19:16:02'),
 (915,2,42,2,5,0,0,0,'2008-11-03 19:16:02'),
 (916,2,52,2,6,0,0,0,'2008-11-03 19:16:02'),
 (917,2,62,2,7,0,0,0,'2008-11-03 19:16:02'),
 (918,2,72,2,8,0,0,0,'2008-11-03 19:16:02'),
 (919,2,82,2,9,0,0,0,'2008-11-03 19:16:02'),
 (920,2,92,2,10,0,0,0,'2008-11-03 19:16:02'),
 (921,2,3,3,1,0,0,0,'2008-11-03 19:16:02'),
 (922,2,13,3,2,0,0,0,'2008-11-03 19:16:02'),
 (923,2,23,3,3,0,0,0,'2008-11-03 19:16:02'),
 (924,2,33,3,4,0,0,0,'2008-11-03 19:16:02'),
 (925,2,43,3,5,0,0,0,'2008-11-03 19:16:02'),
 (926,2,53,3,6,0,0,0,'2008-11-03 19:16:02'),
 (927,2,63,3,7,0,0,0,'2008-11-03 19:16:02'),
 (928,2,73,3,8,0,0,0,'2008-11-03 19:16:02'),
 (929,2,83,3,9,0,0,0,'2008-11-03 19:16:02'),
 (930,2,93,3,10,0,0,0,'2008-11-03 19:16:02'),
 (931,2,4,4,1,0,0,0,'2008-11-03 19:16:02'),
 (932,2,14,4,2,0,0,0,'2008-11-03 19:16:02'),
 (933,2,24,4,3,0,0,0,'2008-11-03 19:16:02'),
 (934,2,34,4,4,0,0,0,'2008-11-03 19:16:02'),
 (935,2,44,4,5,0,0,0,'2008-11-03 19:16:02'),
 (936,2,54,4,6,0,0,0,'2008-11-03 19:16:02'),
 (937,2,64,4,7,0,0,0,'2008-11-03 19:16:02'),
 (938,2,74,4,8,0,0,0,'2008-11-03 19:16:02'),
 (939,2,84,4,9,0,0,0,'2008-11-03 19:16:02'),
 (940,2,94,4,10,0,0,0,'2008-11-03 19:16:02'),
 (941,2,5,5,1,0,0,0,'2008-11-03 19:16:02'),
 (942,2,15,5,2,0,0,0,'2008-11-03 19:16:02'),
 (943,2,25,5,3,0,0,0,'2008-11-03 19:16:02'),
 (944,2,35,5,4,0,0,0,'2008-11-03 19:16:02'),
 (945,2,45,5,5,0,0,0,'2008-11-03 19:16:02'),
 (946,2,55,5,6,0,0,0,'2008-11-03 19:16:02'),
 (947,2,65,5,7,0,0,0,'2008-11-03 19:16:02'),
 (948,2,75,5,8,0,0,0,'2008-11-03 19:16:02'),
 (949,2,85,5,9,0,0,0,'2008-11-03 19:16:02'),
 (950,2,95,5,10,0,0,0,'2008-11-03 19:16:02'),
 (951,2,6,6,1,0,0,0,'2008-11-03 19:16:02'),
 (952,2,16,6,2,0,0,0,'2008-11-03 19:16:02'),
 (953,2,26,6,3,0,0,0,'2008-11-03 19:16:02'),
 (954,2,36,6,4,0,0,0,'2008-11-03 19:16:02'),
 (955,2,46,6,5,0,0,0,'2008-11-03 19:16:02'),
 (956,2,56,6,6,0,0,0,'2008-11-03 19:16:02'),
 (957,2,66,6,7,0,0,0,'2008-11-03 19:16:02'),
 (958,2,76,6,8,0,0,0,'2008-11-03 19:16:02'),
 (959,2,86,6,9,0,0,0,'2008-11-03 19:16:02'),
 (960,2,96,6,10,0,0,0,'2008-11-03 19:16:02'),
 (961,2,7,7,1,0,0,0,'2008-11-03 19:16:02'),
 (962,2,17,7,2,0,0,0,'2008-11-03 19:16:02'),
 (963,2,27,7,3,0,0,0,'2008-11-03 19:16:02'),
 (964,2,37,7,4,0,0,0,'2008-11-03 19:16:02'),
 (965,2,47,7,5,0,0,0,'2008-11-03 19:16:02'),
 (966,2,57,7,6,0,0,0,'2008-11-03 19:16:02'),
 (967,2,67,7,7,0,0,0,'2008-11-03 19:16:02'),
 (968,2,77,7,8,0,0,0,'2008-11-03 19:16:02'),
 (969,2,87,7,9,0,0,0,'2008-11-03 19:16:02'),
 (970,2,97,7,10,0,0,0,'2008-11-03 19:16:02'),
 (971,2,8,8,1,0,0,0,'2008-11-03 19:16:02'),
 (972,2,18,8,2,0,0,0,'2008-11-03 19:16:02'),
 (973,2,28,8,3,0,0,0,'2008-11-03 19:16:02'),
 (974,2,38,8,4,0,0,0,'2008-11-03 19:16:02'),
 (975,2,48,8,5,0,0,0,'2008-11-03 19:16:02'),
 (976,2,58,8,6,0,0,0,'2008-11-03 19:16:02'),
 (977,2,68,8,7,0,0,0,'2008-11-03 19:16:02'),
 (978,2,78,8,8,0,0,0,'2008-11-03 19:16:02'),
 (979,2,88,8,9,0,0,0,'2008-11-03 19:16:02'),
 (980,2,98,8,10,0,0,0,'2008-11-03 19:16:02'),
 (981,2,9,9,1,0,0,0,'2008-11-03 19:16:02'),
 (982,2,19,9,2,0,0,0,'2008-11-03 19:16:02'),
 (983,2,29,9,3,0,0,0,'2008-11-03 19:16:02'),
 (984,2,39,9,4,0,0,0,'2008-11-03 19:16:02'),
 (985,2,49,9,5,0,0,0,'2008-11-03 19:16:02'),
 (986,2,59,9,6,0,0,0,'2008-11-03 19:16:02'),
 (987,2,69,9,7,0,0,0,'2008-11-03 19:16:02'),
 (988,2,79,9,8,0,0,0,'2008-11-03 19:16:02'),
 (989,2,89,9,9,0,0,0,'2008-11-03 19:16:02'),
 (990,2,99,9,10,0,0,0,'2008-11-03 19:16:02'),
 (991,2,10,10,1,0,0,0,'2008-11-03 19:16:02'),
 (992,2,20,10,2,0,0,0,'2008-11-03 19:16:02'),
 (993,2,30,10,3,0,0,0,'2008-11-03 19:16:02'),
 (994,2,40,10,4,0,0,0,'2008-11-03 19:16:02'),
 (995,2,50,10,5,0,0,0,'2008-11-03 19:16:02'),
 (996,2,60,10,6,0,0,0,'2008-11-03 19:16:02'),
 (997,2,70,10,7,0,0,0,'2008-11-03 19:16:02'),
 (998,2,80,10,8,0,0,0,'2008-11-03 19:16:02'),
 (999,2,90,10,9,0,0,0,'2008-11-03 19:16:02'),
 (1000,2,100,10,10,0,0,0,'2008-11-03 19:16:02'),
 (1001,2,1,1,1,0,0,0,'2008-11-03 19:44:03'),
 (1002,2,11,1,2,0,0,0,'2008-11-03 19:44:03'),
 (1003,2,21,1,3,0,0,0,'2008-11-03 19:44:03'),
 (1004,2,31,1,4,0,0,0,'2008-11-03 19:44:03'),
 (1005,2,41,1,5,0,0,0,'2008-11-03 19:44:03'),
 (1006,2,51,1,6,0,0,0,'2008-11-03 19:44:03'),
 (1007,2,61,1,7,0,0,0,'2008-11-03 19:44:03'),
 (1008,2,71,1,8,0,0,0,'2008-11-03 19:44:03'),
 (1009,2,81,1,9,0,0,0,'2008-11-03 19:44:03'),
 (1010,2,91,1,10,0,0,0,'2008-11-03 19:44:03'),
 (1011,2,2,2,1,0,0,0,'2008-11-03 19:44:03'),
 (1012,2,12,2,2,0,0,0,'2008-11-03 19:44:03'),
 (1013,2,22,2,3,0,0,0,'2008-11-03 19:44:03'),
 (1014,2,32,2,4,0,0,0,'2008-11-03 19:44:03'),
 (1015,2,42,2,5,0,0,0,'2008-11-03 19:44:03'),
 (1016,2,52,2,6,0,0,0,'2008-11-03 19:44:03'),
 (1017,2,62,2,7,0,0,0,'2008-11-03 19:44:03'),
 (1018,2,72,2,8,0,0,0,'2008-11-03 19:44:03'),
 (1019,2,82,2,9,0,0,0,'2008-11-03 19:44:03'),
 (1020,2,92,2,10,0,0,0,'2008-11-03 19:44:03'),
 (1021,2,3,3,1,0,0,0,'2008-11-03 19:44:03'),
 (1022,2,13,3,2,0,0,0,'2008-11-03 19:44:03'),
 (1023,2,23,3,3,0,0,0,'2008-11-03 19:44:03'),
 (1024,2,33,3,4,0,0,0,'2008-11-03 19:44:03'),
 (1025,2,43,3,5,0,0,0,'2008-11-03 19:44:03'),
 (1026,2,53,3,6,0,0,0,'2008-11-03 19:44:03'),
 (1027,2,63,3,7,0,0,0,'2008-11-03 19:44:03'),
 (1028,2,73,3,8,0,0,0,'2008-11-03 19:44:03'),
 (1029,2,83,3,9,0,0,0,'2008-11-03 19:44:03'),
 (1030,2,93,3,10,0,0,0,'2008-11-03 19:44:03'),
 (1031,2,4,4,1,0,0,0,'2008-11-03 19:44:03'),
 (1032,2,14,4,2,0,0,0,'2008-11-03 19:44:03'),
 (1033,2,24,4,3,0,0,0,'2008-11-03 19:44:03'),
 (1034,2,34,4,4,0,0,0,'2008-11-03 19:44:03'),
 (1035,2,44,4,5,0,0,0,'2008-11-03 19:44:03'),
 (1036,2,54,4,6,0,0,0,'2008-11-03 19:44:03'),
 (1037,2,64,4,7,0,0,0,'2008-11-03 19:44:03'),
 (1038,2,74,4,8,0,0,0,'2008-11-03 19:44:03'),
 (1039,2,84,4,9,0,0,0,'2008-11-03 19:44:03'),
 (1040,2,94,4,10,0,0,0,'2008-11-03 19:44:03'),
 (1041,2,5,5,1,0,0,0,'2008-11-03 19:44:03'),
 (1042,2,15,5,2,0,0,0,'2008-11-03 19:44:03'),
 (1043,2,25,5,3,0,0,0,'2008-11-03 19:44:03'),
 (1044,2,35,5,4,0,0,0,'2008-11-03 19:44:03'),
 (1045,2,45,5,5,0,0,0,'2008-11-03 19:44:03'),
 (1046,2,55,5,6,0,0,0,'2008-11-03 19:44:03'),
 (1047,2,65,5,7,0,0,0,'2008-11-03 19:44:03'),
 (1048,2,75,5,8,0,0,0,'2008-11-03 19:44:03'),
 (1049,2,85,5,9,0,0,0,'2008-11-03 19:44:03'),
 (1050,2,95,5,10,0,0,0,'2008-11-03 19:44:03'),
 (1051,2,6,6,1,0,0,0,'2008-11-03 19:44:03'),
 (1052,2,16,6,2,0,0,0,'2008-11-03 19:44:03'),
 (1053,2,26,6,3,0,0,0,'2008-11-03 19:44:03'),
 (1054,2,36,6,4,0,0,0,'2008-11-03 19:44:03'),
 (1055,2,46,6,5,0,0,0,'2008-11-03 19:44:03'),
 (1056,2,56,6,6,0,0,0,'2008-11-03 19:44:03'),
 (1057,2,66,6,7,0,0,0,'2008-11-03 19:44:03'),
 (1058,2,76,6,8,0,0,0,'2008-11-03 19:44:03'),
 (1059,2,86,6,9,0,0,0,'2008-11-03 19:44:03'),
 (1060,2,96,6,10,0,0,0,'2008-11-03 19:44:03'),
 (1061,2,7,7,1,0,0,0,'2008-11-03 19:44:04'),
 (1062,2,17,7,2,0,0,0,'2008-11-03 19:44:04'),
 (1063,2,27,7,3,0,0,0,'2008-11-03 19:44:04'),
 (1064,2,37,7,4,0,0,0,'2008-11-03 19:44:04'),
 (1065,2,47,7,5,0,0,0,'2008-11-03 19:44:04'),
 (1066,2,57,7,6,0,0,0,'2008-11-03 19:44:04'),
 (1067,2,67,7,7,0,0,0,'2008-11-03 19:44:04'),
 (1068,2,77,7,8,0,0,0,'2008-11-03 19:44:04'),
 (1069,2,87,7,9,0,0,0,'2008-11-03 19:44:04'),
 (1070,2,97,7,10,0,0,0,'2008-11-03 19:44:04'),
 (1071,2,8,8,1,0,0,0,'2008-11-03 19:44:04'),
 (1072,2,18,8,2,0,0,0,'2008-11-03 19:44:04'),
 (1073,2,28,8,3,0,0,0,'2008-11-03 19:44:04'),
 (1074,2,38,8,4,0,0,0,'2008-11-03 19:44:04'),
 (1075,2,48,8,5,0,0,0,'2008-11-03 19:44:04'),
 (1076,2,58,8,6,0,0,0,'2008-11-03 19:44:04'),
 (1077,2,68,8,7,0,0,0,'2008-11-03 19:44:04'),
 (1078,2,78,8,8,0,0,0,'2008-11-03 19:44:04'),
 (1079,2,88,8,9,0,0,0,'2008-11-03 19:44:04'),
 (1080,2,98,8,10,0,0,0,'2008-11-03 19:44:04'),
 (1081,2,9,9,1,0,0,0,'2008-11-03 19:44:04'),
 (1082,2,19,9,2,0,0,0,'2008-11-03 19:44:04'),
 (1083,2,29,9,3,0,0,0,'2008-11-03 19:44:04'),
 (1084,2,39,9,4,0,0,0,'2008-11-03 19:44:04'),
 (1085,2,49,9,5,0,0,0,'2008-11-03 19:44:04'),
 (1086,2,59,9,6,0,0,0,'2008-11-03 19:44:04'),
 (1087,2,69,9,7,0,0,0,'2008-11-03 19:44:04'),
 (1088,2,79,9,8,0,0,0,'2008-11-03 19:44:04'),
 (1089,2,89,9,9,0,0,0,'2008-11-03 19:44:04'),
 (1090,2,99,9,10,0,0,0,'2008-11-03 19:44:04'),
 (1091,2,10,10,1,0,0,0,'2008-11-03 19:44:04'),
 (1092,2,20,10,2,0,0,0,'2008-11-03 19:44:04'),
 (1093,2,30,10,3,0,0,0,'2008-11-03 19:44:04'),
 (1094,2,40,10,4,0,0,0,'2008-11-03 19:44:04'),
 (1095,2,50,10,5,0,0,0,'2008-11-03 19:44:04'),
 (1096,2,60,10,6,0,0,0,'2008-11-03 19:44:04'),
 (1097,2,70,10,7,0,0,0,'2008-11-03 19:44:04'),
 (1098,2,80,10,8,0,0,0,'2008-11-03 19:44:04'),
 (1099,2,90,10,9,0,0,0,'2008-11-03 19:44:04'),
 (1100,2,100,10,10,0,0,0,'2008-11-03 19:44:04'),
 (1101,2,1,1,1,0,0,0,'2008-11-03 19:51:56'),
 (1102,2,11,1,2,0,0,0,'2008-11-03 19:51:56'),
 (1103,2,21,1,3,0,0,0,'2008-11-03 19:51:56'),
 (1104,2,31,1,4,0,0,0,'2008-11-03 19:51:56'),
 (1105,2,41,1,5,0,0,0,'2008-11-03 19:51:56'),
 (1106,2,51,1,6,0,0,0,'2008-11-03 19:51:56'),
 (1107,2,61,1,7,0,0,0,'2008-11-03 19:51:56'),
 (1108,2,71,1,8,0,0,0,'2008-11-03 19:51:56'),
 (1109,2,81,1,9,0,0,0,'2008-11-03 19:51:56'),
 (1110,2,91,1,10,0,0,0,'2008-11-03 19:51:56'),
 (1111,2,2,2,1,0,0,0,'2008-11-03 19:51:56'),
 (1112,2,12,2,2,0,0,0,'2008-11-03 19:51:56'),
 (1113,2,22,2,3,0,0,0,'2008-11-03 19:51:56'),
 (1114,2,32,2,4,0,0,0,'2008-11-03 19:51:56'),
 (1115,2,42,2,5,0,0,0,'2008-11-03 19:51:56'),
 (1116,2,52,2,6,0,0,0,'2008-11-03 19:51:56'),
 (1117,2,62,2,7,0,0,0,'2008-11-03 19:51:56'),
 (1118,2,72,2,8,0,0,0,'2008-11-03 19:51:56'),
 (1119,2,82,2,9,0,0,0,'2008-11-03 19:51:56'),
 (1120,2,92,2,10,0,0,0,'2008-11-03 19:51:56'),
 (1121,2,3,3,1,0,0,0,'2008-11-03 19:51:56'),
 (1122,2,13,3,2,0,0,0,'2008-11-03 19:51:56'),
 (1123,2,23,3,3,0,0,0,'2008-11-03 19:51:56'),
 (1124,2,33,3,4,0,0,0,'2008-11-03 19:51:56'),
 (1125,2,43,3,5,0,0,0,'2008-11-03 19:51:56'),
 (1126,2,53,3,6,0,0,0,'2008-11-03 19:51:56'),
 (1127,2,63,3,7,0,0,0,'2008-11-03 19:51:56'),
 (1128,2,73,3,8,0,0,0,'2008-11-03 19:51:56'),
 (1129,2,83,3,9,0,0,0,'2008-11-03 19:51:56'),
 (1130,2,93,3,10,0,0,0,'2008-11-03 19:51:56'),
 (1131,2,4,4,1,0,0,0,'2008-11-03 19:51:56'),
 (1132,2,14,4,2,0,0,0,'2008-11-03 19:51:56'),
 (1133,2,24,4,3,0,0,0,'2008-11-03 19:51:56'),
 (1134,2,34,4,4,0,0,0,'2008-11-03 19:51:56'),
 (1135,2,44,4,5,0,0,0,'2008-11-03 19:51:56'),
 (1136,2,54,4,6,0,0,0,'2008-11-03 19:51:56'),
 (1137,2,64,4,7,0,0,0,'2008-11-03 19:51:56'),
 (1138,2,74,4,8,0,0,0,'2008-11-03 19:51:56'),
 (1139,2,84,4,9,0,0,0,'2008-11-03 19:51:56'),
 (1140,2,94,4,10,0,0,0,'2008-11-03 19:51:56'),
 (1141,2,5,5,1,0,0,0,'2008-11-03 19:51:56'),
 (1142,2,15,5,2,0,0,0,'2008-11-03 19:51:56'),
 (1143,2,25,5,3,0,0,0,'2008-11-03 19:51:56'),
 (1144,2,35,5,4,0,0,0,'2008-11-03 19:51:56'),
 (1145,2,45,5,5,0,0,0,'2008-11-03 19:51:56'),
 (1146,2,55,5,6,0,0,0,'2008-11-03 19:51:56'),
 (1147,2,65,5,7,0,0,0,'2008-11-03 19:51:56'),
 (1148,2,75,5,8,0,0,0,'2008-11-03 19:51:56'),
 (1149,2,85,5,9,0,0,0,'2008-11-03 19:51:56'),
 (1150,2,95,5,10,0,0,0,'2008-11-03 19:51:56'),
 (1151,2,6,6,1,0,0,0,'2008-11-03 19:51:56'),
 (1152,2,16,6,2,0,0,0,'2008-11-03 19:51:56'),
 (1153,2,26,6,3,0,0,0,'2008-11-03 19:51:56'),
 (1154,2,36,6,4,0,0,0,'2008-11-03 19:51:56'),
 (1155,2,46,6,5,0,0,0,'2008-11-03 19:51:56'),
 (1156,2,56,6,6,0,0,0,'2008-11-03 19:51:56'),
 (1157,2,66,6,7,0,0,0,'2008-11-03 19:51:56'),
 (1158,2,76,6,8,0,0,0,'2008-11-03 19:51:56'),
 (1159,2,86,6,9,0,0,0,'2008-11-03 19:51:56'),
 (1160,2,96,6,10,0,0,0,'2008-11-03 19:51:56'),
 (1161,2,7,7,1,0,0,0,'2008-11-03 19:51:56'),
 (1162,2,17,7,2,0,0,0,'2008-11-03 19:51:56'),
 (1163,2,27,7,3,0,0,0,'2008-11-03 19:51:56'),
 (1164,2,37,7,4,0,0,0,'2008-11-03 19:51:56'),
 (1165,2,47,7,5,0,0,0,'2008-11-03 19:51:56'),
 (1166,2,57,7,6,0,0,0,'2008-11-03 19:51:56'),
 (1167,2,67,7,7,0,0,0,'2008-11-03 19:51:56'),
 (1168,2,77,7,8,0,0,0,'2008-11-03 19:51:56'),
 (1169,2,87,7,9,0,0,0,'2008-11-03 19:51:56'),
 (1170,2,97,7,10,0,0,0,'2008-11-03 19:51:56'),
 (1171,2,8,8,1,0,0,0,'2008-11-03 19:51:56'),
 (1172,2,18,8,2,0,0,0,'2008-11-03 19:51:56'),
 (1173,2,28,8,3,0,0,0,'2008-11-03 19:51:56'),
 (1174,2,38,8,4,0,0,0,'2008-11-03 19:51:56'),
 (1175,2,48,8,5,0,0,0,'2008-11-03 19:51:56'),
 (1176,2,58,8,6,0,0,0,'2008-11-03 19:51:56'),
 (1177,2,68,8,7,0,0,0,'2008-11-03 19:51:56'),
 (1178,2,78,8,8,0,0,0,'2008-11-03 19:51:56'),
 (1179,2,88,8,9,0,0,0,'2008-11-03 19:51:56'),
 (1180,2,98,8,10,0,0,0,'2008-11-03 19:51:56'),
 (1181,2,9,9,1,0,0,0,'2008-11-03 19:51:57'),
 (1182,2,19,9,2,0,0,0,'2008-11-03 19:51:57'),
 (1183,2,29,9,3,0,0,0,'2008-11-03 19:51:57'),
 (1184,2,39,9,4,0,0,0,'2008-11-03 19:51:57'),
 (1185,2,49,9,5,0,0,0,'2008-11-03 19:51:57'),
 (1186,2,59,9,6,0,0,0,'2008-11-03 19:51:57'),
 (1187,2,69,9,7,0,0,0,'2008-11-03 19:51:57'),
 (1188,2,79,9,8,0,0,0,'2008-11-03 19:51:57'),
 (1189,2,89,9,9,0,0,0,'2008-11-03 19:51:57'),
 (1190,2,99,9,10,0,0,0,'2008-11-03 19:51:57'),
 (1191,2,10,10,1,0,0,0,'2008-11-03 19:51:57'),
 (1192,2,20,10,2,0,0,0,'2008-11-03 19:51:57'),
 (1193,2,30,10,3,0,0,0,'2008-11-03 19:51:57'),
 (1194,2,40,10,4,0,0,0,'2008-11-03 19:51:57'),
 (1195,2,50,10,5,0,0,0,'2008-11-03 19:51:57'),
 (1196,2,60,10,6,0,0,0,'2008-11-03 19:51:57'),
 (1197,2,70,10,7,0,0,0,'2008-11-03 19:51:57'),
 (1198,2,80,10,8,0,0,0,'2008-11-03 19:51:57'),
 (1199,2,90,10,9,0,0,0,'2008-11-03 19:51:57'),
 (1200,2,100,10,10,0,0,0,'2008-11-03 19:51:57'),
 (1201,2,1,1,1,0,0,0,'2008-11-03 19:56:53'),
 (1202,2,11,1,2,0,0,0,'2008-11-03 19:56:53'),
 (1203,2,21,1,3,0,0,0,'2008-11-03 19:56:53'),
 (1204,2,31,1,4,0,0,0,'2008-11-03 19:56:53'),
 (1205,2,41,1,5,0,0,0,'2008-11-03 19:56:53'),
 (1206,2,51,1,6,0,0,0,'2008-11-03 19:56:53'),
 (1207,2,61,1,7,0,0,0,'2008-11-03 19:56:53'),
 (1208,2,71,1,8,0,0,0,'2008-11-03 19:56:53'),
 (1209,2,81,1,9,0,0,0,'2008-11-03 19:56:53'),
 (1210,2,91,1,10,0,0,0,'2008-11-03 19:56:53'),
 (1211,2,2,2,1,0,0,0,'2008-11-03 19:56:53'),
 (1212,2,12,2,2,0,0,0,'2008-11-03 19:56:53'),
 (1213,2,22,2,3,0,0,0,'2008-11-03 19:56:53'),
 (1214,2,32,2,4,0,0,0,'2008-11-03 19:56:53'),
 (1215,2,42,2,5,0,0,0,'2008-11-03 19:56:53'),
 (1216,2,52,2,6,0,0,0,'2008-11-03 19:56:53'),
 (1217,2,62,2,7,0,0,0,'2008-11-03 19:56:53'),
 (1218,2,72,2,8,0,0,0,'2008-11-03 19:56:53'),
 (1219,2,82,2,9,0,0,0,'2008-11-03 19:56:53'),
 (1220,2,92,2,10,0,0,0,'2008-11-03 19:56:53'),
 (1221,2,3,3,1,0,0,0,'2008-11-03 19:56:53'),
 (1222,2,13,3,2,0,0,0,'2008-11-03 19:56:53'),
 (1223,2,23,3,3,0,0,0,'2008-11-03 19:56:53'),
 (1224,2,33,3,4,0,0,0,'2008-11-03 19:56:54'),
 (1225,2,43,3,5,0,0,0,'2008-11-03 19:56:54'),
 (1226,2,53,3,6,0,0,0,'2008-11-03 19:56:54'),
 (1227,2,63,3,7,0,0,0,'2008-11-03 19:56:54'),
 (1228,2,73,3,8,0,0,0,'2008-11-03 19:56:54'),
 (1229,2,83,3,9,0,0,0,'2008-11-03 19:56:54'),
 (1230,2,93,3,10,0,0,0,'2008-11-03 19:56:54'),
 (1231,2,4,4,1,0,0,0,'2008-11-03 19:56:54'),
 (1232,2,14,4,2,0,0,0,'2008-11-03 19:56:54'),
 (1233,2,24,4,3,0,0,0,'2008-11-03 19:56:54'),
 (1234,2,34,4,4,0,0,0,'2008-11-03 19:56:54'),
 (1235,2,44,4,5,0,0,0,'2008-11-03 19:56:54'),
 (1236,2,54,4,6,0,0,0,'2008-11-03 19:56:54'),
 (1237,2,64,4,7,0,0,0,'2008-11-03 19:56:54'),
 (1238,2,74,4,8,0,0,0,'2008-11-03 19:56:54'),
 (1239,2,84,4,9,0,0,0,'2008-11-03 19:56:54'),
 (1240,2,94,4,10,0,0,0,'2008-11-03 19:56:54'),
 (1241,2,5,5,1,0,0,0,'2008-11-03 19:56:54'),
 (1242,2,15,5,2,0,0,0,'2008-11-03 19:56:54'),
 (1243,2,25,5,3,0,0,0,'2008-11-03 19:56:54'),
 (1244,2,35,5,4,0,0,0,'2008-11-03 19:56:54'),
 (1245,2,45,5,5,0,0,0,'2008-11-03 19:56:54'),
 (1246,2,55,5,6,0,0,0,'2008-11-03 19:56:54'),
 (1247,2,65,5,7,0,0,0,'2008-11-03 19:56:54'),
 (1248,2,75,5,8,0,0,0,'2008-11-03 19:56:54'),
 (1249,2,85,5,9,0,0,0,'2008-11-03 19:56:54'),
 (1250,2,95,5,10,0,0,0,'2008-11-03 19:56:54'),
 (1251,2,6,6,1,0,0,0,'2008-11-03 19:56:54'),
 (1252,2,16,6,2,0,0,0,'2008-11-03 19:56:54'),
 (1253,2,26,6,3,0,0,0,'2008-11-03 19:56:54'),
 (1254,2,36,6,4,0,0,0,'2008-11-03 19:56:54'),
 (1255,2,46,6,5,0,0,0,'2008-11-03 19:56:54'),
 (1256,2,56,6,6,0,0,0,'2008-11-03 19:56:54'),
 (1257,2,66,6,7,0,0,0,'2008-11-03 19:56:54'),
 (1258,2,76,6,8,0,0,0,'2008-11-03 19:56:54'),
 (1259,2,86,6,9,0,0,0,'2008-11-03 19:56:54'),
 (1260,2,96,6,10,0,0,0,'2008-11-03 19:56:54'),
 (1261,2,7,7,1,0,0,0,'2008-11-03 19:56:54'),
 (1262,2,17,7,2,0,0,0,'2008-11-03 19:56:54'),
 (1263,2,27,7,3,0,0,0,'2008-11-03 19:56:54'),
 (1264,2,37,7,4,0,0,0,'2008-11-03 19:56:54'),
 (1265,2,47,7,5,0,0,0,'2008-11-03 19:56:54'),
 (1266,2,57,7,6,0,0,0,'2008-11-03 19:56:54'),
 (1267,2,67,7,7,0,0,0,'2008-11-03 19:56:54'),
 (1268,2,77,7,8,0,0,0,'2008-11-03 19:56:54'),
 (1269,2,87,7,9,0,0,0,'2008-11-03 19:56:54'),
 (1270,2,97,7,10,0,0,0,'2008-11-03 19:56:54'),
 (1271,2,8,8,1,0,0,0,'2008-11-03 19:56:54'),
 (1272,2,18,8,2,0,0,0,'2008-11-03 19:56:54'),
 (1273,2,28,8,3,0,0,0,'2008-11-03 19:56:54'),
 (1274,2,38,8,4,0,0,0,'2008-11-03 19:56:54'),
 (1275,2,48,8,5,0,0,0,'2008-11-03 19:56:54'),
 (1276,2,58,8,6,0,0,0,'2008-11-03 19:56:54'),
 (1277,2,68,8,7,0,0,0,'2008-11-03 19:56:54'),
 (1278,2,78,8,8,0,0,0,'2008-11-03 19:56:54'),
 (1279,2,88,8,9,0,0,0,'2008-11-03 19:56:54'),
 (1280,2,98,8,10,0,0,0,'2008-11-03 19:56:54'),
 (1281,2,9,9,1,0,0,0,'2008-11-03 19:56:54'),
 (1282,2,19,9,2,0,0,0,'2008-11-03 19:56:54'),
 (1283,2,29,9,3,0,0,0,'2008-11-03 19:56:54'),
 (1284,2,39,9,4,0,0,0,'2008-11-03 19:56:54'),
 (1285,2,49,9,5,0,0,0,'2008-11-03 19:56:54'),
 (1286,2,59,9,6,0,0,0,'2008-11-03 19:56:54'),
 (1287,2,69,9,7,0,0,0,'2008-11-03 19:56:54'),
 (1288,2,79,9,8,0,0,0,'2008-11-03 19:56:54'),
 (1289,2,89,9,9,0,0,0,'2008-11-03 19:56:54'),
 (1290,2,99,9,10,0,0,0,'2008-11-03 19:56:54'),
 (1291,2,10,10,1,0,0,0,'2008-11-03 19:56:54'),
 (1292,2,20,10,2,0,0,0,'2008-11-03 19:56:54'),
 (1293,2,30,10,3,0,0,0,'2008-11-03 19:56:54'),
 (1294,2,40,10,4,0,0,0,'2008-11-03 19:56:54'),
 (1295,2,50,10,5,0,0,0,'2008-11-03 19:56:54'),
 (1296,2,60,10,6,0,0,0,'2008-11-03 19:56:54'),
 (1297,2,70,10,7,0,0,0,'2008-11-03 19:56:54'),
 (1298,2,80,10,8,0,0,0,'2008-11-03 19:56:54'),
 (1299,2,90,10,9,0,0,0,'2008-11-03 19:56:54'),
 (1300,2,100,10,10,0,0,0,'2008-11-03 19:56:54'),
 (1301,2,1,1,1,0,0,0,'2008-11-03 19:58:45'),
 (1302,2,11,1,2,0,0,0,'2008-11-03 19:58:45'),
 (1303,2,21,1,3,0,0,0,'2008-11-03 19:58:45'),
 (1304,2,31,1,4,0,0,0,'2008-11-03 19:58:45'),
 (1305,2,41,1,5,0,0,0,'2008-11-03 19:58:45'),
 (1306,2,51,1,6,0,0,0,'2008-11-03 19:58:45'),
 (1307,2,61,1,7,0,0,0,'2008-11-03 19:58:45'),
 (1308,2,71,1,8,0,0,0,'2008-11-03 19:58:45'),
 (1309,2,81,1,9,0,0,0,'2008-11-03 19:58:45'),
 (1310,2,91,1,10,0,0,0,'2008-11-03 19:58:45'),
 (1311,2,2,2,1,0,0,0,'2008-11-03 19:58:45'),
 (1312,2,12,2,2,0,0,0,'2008-11-03 19:58:45'),
 (1313,2,22,2,3,0,0,0,'2008-11-03 19:58:45'),
 (1314,2,32,2,4,0,0,0,'2008-11-03 19:58:45'),
 (1315,2,42,2,5,0,0,0,'2008-11-03 19:58:45'),
 (1316,2,52,2,6,0,0,0,'2008-11-03 19:58:45'),
 (1317,2,62,2,7,0,0,0,'2008-11-03 19:58:45'),
 (1318,2,72,2,8,0,0,0,'2008-11-03 19:58:45'),
 (1319,2,82,2,9,0,0,0,'2008-11-03 19:58:45'),
 (1320,2,92,2,10,0,0,0,'2008-11-03 19:58:45'),
 (1321,2,3,3,1,0,0,0,'2008-11-03 19:58:46'),
 (1322,2,13,3,2,0,0,0,'2008-11-03 19:58:46'),
 (1323,2,23,3,3,0,0,0,'2008-11-03 19:58:46'),
 (1324,2,33,3,4,0,0,0,'2008-11-03 19:58:46'),
 (1325,2,43,3,5,0,0,0,'2008-11-03 19:58:46'),
 (1326,2,53,3,6,0,0,0,'2008-11-03 19:58:46'),
 (1327,2,63,3,7,0,0,0,'2008-11-03 19:58:46'),
 (1328,2,73,3,8,0,0,0,'2008-11-03 19:58:46'),
 (1329,2,83,3,9,0,0,0,'2008-11-03 19:58:46'),
 (1330,2,93,3,10,0,0,0,'2008-11-03 19:58:46'),
 (1331,2,4,4,1,0,0,0,'2008-11-03 19:58:46'),
 (1332,2,14,4,2,0,0,0,'2008-11-03 19:58:46'),
 (1333,2,24,4,3,0,0,0,'2008-11-03 19:58:46'),
 (1334,2,34,4,4,0,0,0,'2008-11-03 19:58:46'),
 (1335,2,44,4,5,0,0,0,'2008-11-03 19:58:46'),
 (1336,2,54,4,6,0,0,0,'2008-11-03 19:58:46'),
 (1337,2,64,4,7,0,0,0,'2008-11-03 19:58:46'),
 (1338,2,74,4,8,0,0,0,'2008-11-03 19:58:46'),
 (1339,2,84,4,9,0,0,0,'2008-11-03 19:58:46'),
 (1340,2,94,4,10,0,0,0,'2008-11-03 19:58:46'),
 (1341,2,5,5,1,0,0,0,'2008-11-03 19:58:46'),
 (1342,2,15,5,2,0,0,0,'2008-11-03 19:58:46'),
 (1343,2,25,5,3,0,0,0,'2008-11-03 19:58:46'),
 (1344,2,35,5,4,0,0,0,'2008-11-03 19:58:46'),
 (1345,2,45,5,5,0,0,0,'2008-11-03 19:58:46'),
 (1346,2,55,5,6,0,0,0,'2008-11-03 19:58:46'),
 (1347,2,65,5,7,0,0,0,'2008-11-03 19:58:46'),
 (1348,2,75,5,8,0,0,0,'2008-11-03 19:58:46'),
 (1349,2,85,5,9,0,0,0,'2008-11-03 19:58:46'),
 (1350,2,95,5,10,0,0,0,'2008-11-03 19:58:46'),
 (1351,2,6,6,1,0,0,0,'2008-11-03 19:58:46'),
 (1352,2,16,6,2,0,0,0,'2008-11-03 19:58:46'),
 (1353,2,26,6,3,0,0,0,'2008-11-03 19:58:46'),
 (1354,2,36,6,4,0,0,0,'2008-11-03 19:58:46'),
 (1355,2,46,6,5,0,0,0,'2008-11-03 19:58:46'),
 (1356,2,56,6,6,0,0,0,'2008-11-03 19:58:46'),
 (1357,2,66,6,7,0,0,0,'2008-11-03 19:58:46'),
 (1358,2,76,6,8,0,0,0,'2008-11-03 19:58:46'),
 (1359,2,86,6,9,0,0,0,'2008-11-03 19:58:46'),
 (1360,2,96,6,10,0,0,0,'2008-11-03 19:58:46'),
 (1361,2,7,7,1,0,0,0,'2008-11-03 19:58:46'),
 (1362,2,17,7,2,0,0,0,'2008-11-03 19:58:46'),
 (1363,2,27,7,3,0,0,0,'2008-11-03 19:58:46'),
 (1364,2,37,7,4,0,0,0,'2008-11-03 19:58:46'),
 (1365,2,47,7,5,0,0,0,'2008-11-03 19:58:46'),
 (1366,2,57,7,6,0,0,0,'2008-11-03 19:58:46'),
 (1367,2,67,7,7,0,0,0,'2008-11-03 19:58:46'),
 (1368,2,77,7,8,0,0,0,'2008-11-03 19:58:46'),
 (1369,2,87,7,9,0,0,0,'2008-11-03 19:58:46'),
 (1370,2,97,7,10,0,0,0,'2008-11-03 19:58:46'),
 (1371,2,8,8,1,0,0,0,'2008-11-03 19:58:46'),
 (1372,2,18,8,2,0,0,0,'2008-11-03 19:58:46'),
 (1373,2,28,8,3,0,0,0,'2008-11-03 19:58:46'),
 (1374,2,38,8,4,0,0,0,'2008-11-03 19:58:46'),
 (1375,2,48,8,5,0,0,0,'2008-11-03 19:58:46'),
 (1376,2,58,8,6,0,0,0,'2008-11-03 19:58:46'),
 (1377,2,68,8,7,0,0,0,'2008-11-03 19:58:46'),
 (1378,2,78,8,8,0,0,0,'2008-11-03 19:58:46'),
 (1379,2,88,8,9,0,0,0,'2008-11-03 19:58:46'),
 (1380,2,98,8,10,0,0,0,'2008-11-03 19:58:46'),
 (1381,2,9,9,1,0,0,0,'2008-11-03 19:58:46'),
 (1382,2,19,9,2,0,0,0,'2008-11-03 19:58:46'),
 (1383,2,29,9,3,0,0,0,'2008-11-03 19:58:46'),
 (1384,2,39,9,4,0,0,0,'2008-11-03 19:58:46'),
 (1385,2,49,9,5,0,0,0,'2008-11-03 19:58:46'),
 (1386,2,59,9,6,0,0,0,'2008-11-03 19:58:46'),
 (1387,2,69,9,7,0,0,0,'2008-11-03 19:58:46'),
 (1388,2,79,9,8,0,0,0,'2008-11-03 19:58:46'),
 (1389,2,89,9,9,0,0,0,'2008-11-03 19:58:46'),
 (1390,2,99,9,10,0,0,0,'2008-11-03 19:58:46'),
 (1391,2,10,10,1,0,0,0,'2008-11-03 19:58:46'),
 (1392,2,20,10,2,0,0,0,'2008-11-03 19:58:46'),
 (1393,2,30,10,3,0,0,0,'2008-11-03 19:58:46'),
 (1394,2,40,10,4,0,0,0,'2008-11-03 19:58:46'),
 (1395,2,50,10,5,0,0,0,'2008-11-03 19:58:46'),
 (1396,2,60,10,6,0,0,0,'2008-11-03 19:58:46'),
 (1397,2,70,10,7,0,0,0,'2008-11-03 19:58:46'),
 (1398,2,80,10,8,0,0,0,'2008-11-03 19:58:46'),
 (1399,2,90,10,9,0,0,0,'2008-11-03 19:58:46'),
 (1400,2,100,10,10,0,0,0,'2008-11-03 19:58:46'),
 (1401,2,1,1,1,0,0,0,'2008-11-03 19:59:05'),
 (1402,2,11,1,2,0,0,0,'2008-11-03 19:59:05'),
 (1403,2,21,1,3,0,0,0,'2008-11-03 19:59:05'),
 (1404,2,31,1,4,0,0,0,'2008-11-03 19:59:05'),
 (1405,2,41,1,5,0,0,0,'2008-11-03 19:59:05'),
 (1406,2,51,1,6,0,0,0,'2008-11-03 19:59:05'),
 (1407,2,61,1,7,0,0,0,'2008-11-03 19:59:05'),
 (1408,2,71,1,8,0,0,0,'2008-11-03 19:59:05'),
 (1409,2,81,1,9,0,0,0,'2008-11-03 19:59:05'),
 (1410,2,91,1,10,0,0,0,'2008-11-03 19:59:05'),
 (1411,2,2,2,1,0,0,0,'2008-11-03 19:59:05');
INSERT INTO `tarjeta` (`idtarjeta`,`idjuego`,`numero`,`fila`,`columna`,`visible`,`final`,`inicio`,`touch`) VALUES 
 (1412,2,12,2,2,0,0,0,'2008-11-03 19:59:05'),
 (1413,2,22,2,3,0,0,0,'2008-11-03 19:59:05'),
 (1414,2,32,2,4,0,0,0,'2008-11-03 19:59:05'),
 (1415,2,42,2,5,0,0,0,'2008-11-03 19:59:05'),
 (1416,2,52,2,6,0,0,0,'2008-11-03 19:59:05'),
 (1417,2,62,2,7,0,0,0,'2008-11-03 19:59:05'),
 (1418,2,72,2,8,0,0,0,'2008-11-03 19:59:05'),
 (1419,2,82,2,9,0,0,0,'2008-11-03 19:59:05'),
 (1420,2,92,2,10,0,0,0,'2008-11-03 19:59:05'),
 (1421,2,3,3,1,0,0,0,'2008-11-03 19:59:06'),
 (1422,2,13,3,2,0,0,0,'2008-11-03 19:59:06'),
 (1423,2,23,3,3,0,0,0,'2008-11-03 19:59:06'),
 (1424,2,33,3,4,0,0,0,'2008-11-03 19:59:06'),
 (1425,2,43,3,5,0,0,0,'2008-11-03 19:59:06'),
 (1426,2,53,3,6,0,0,0,'2008-11-03 19:59:06'),
 (1427,2,63,3,7,0,0,0,'2008-11-03 19:59:06'),
 (1428,2,73,3,8,0,0,0,'2008-11-03 19:59:06'),
 (1429,2,83,3,9,0,0,0,'2008-11-03 19:59:06'),
 (1430,2,93,3,10,0,0,0,'2008-11-03 19:59:06'),
 (1431,2,4,4,1,0,0,0,'2008-11-03 19:59:06'),
 (1432,2,14,4,2,0,0,0,'2008-11-03 19:59:06'),
 (1433,2,24,4,3,0,0,0,'2008-11-03 19:59:06'),
 (1434,2,34,4,4,0,0,0,'2008-11-03 19:59:06'),
 (1435,2,44,4,5,0,0,0,'2008-11-03 19:59:06'),
 (1436,2,54,4,6,0,0,0,'2008-11-03 19:59:06'),
 (1437,2,64,4,7,0,0,0,'2008-11-03 19:59:06'),
 (1438,2,74,4,8,0,0,0,'2008-11-03 19:59:06'),
 (1439,2,84,4,9,0,0,0,'2008-11-03 19:59:06'),
 (1440,2,94,4,10,0,0,0,'2008-11-03 19:59:06'),
 (1441,2,5,5,1,0,0,0,'2008-11-03 19:59:06'),
 (1442,2,15,5,2,0,0,0,'2008-11-03 19:59:06'),
 (1443,2,25,5,3,0,0,0,'2008-11-03 19:59:06'),
 (1444,2,35,5,4,0,0,0,'2008-11-03 19:59:06'),
 (1445,2,45,5,5,0,0,0,'2008-11-03 19:59:06'),
 (1446,2,55,5,6,0,0,0,'2008-11-03 19:59:06'),
 (1447,2,65,5,7,0,0,0,'2008-11-03 19:59:06'),
 (1448,2,75,5,8,0,0,0,'2008-11-03 19:59:06'),
 (1449,2,85,5,9,0,0,0,'2008-11-03 19:59:06'),
 (1450,2,95,5,10,0,0,0,'2008-11-03 19:59:06'),
 (1451,2,6,6,1,0,0,0,'2008-11-03 19:59:06'),
 (1452,2,16,6,2,0,0,0,'2008-11-03 19:59:06'),
 (1453,2,26,6,3,0,0,0,'2008-11-03 19:59:06'),
 (1454,2,36,6,4,0,0,0,'2008-11-03 19:59:06'),
 (1455,2,46,6,5,0,0,0,'2008-11-03 19:59:06'),
 (1456,2,56,6,6,0,0,0,'2008-11-03 19:59:06'),
 (1457,2,66,6,7,0,0,0,'2008-11-03 19:59:06'),
 (1458,2,76,6,8,0,0,0,'2008-11-03 19:59:06'),
 (1459,2,86,6,9,0,0,0,'2008-11-03 19:59:06'),
 (1460,2,96,6,10,0,0,0,'2008-11-03 19:59:06'),
 (1461,2,7,7,1,0,0,0,'2008-11-03 19:59:06'),
 (1462,2,17,7,2,0,0,0,'2008-11-03 19:59:06'),
 (1463,2,27,7,3,0,0,0,'2008-11-03 19:59:06'),
 (1464,2,37,7,4,0,0,0,'2008-11-03 19:59:06'),
 (1465,2,47,7,5,0,0,0,'2008-11-03 19:59:06'),
 (1466,2,57,7,6,0,0,0,'2008-11-03 19:59:06'),
 (1467,2,67,7,7,0,0,0,'2008-11-03 19:59:06'),
 (1468,2,77,7,8,0,0,0,'2008-11-03 19:59:06'),
 (1469,2,87,7,9,0,0,0,'2008-11-03 19:59:06'),
 (1470,2,97,7,10,0,0,0,'2008-11-03 19:59:06'),
 (1471,2,8,8,1,0,0,0,'2008-11-03 19:59:06'),
 (1472,2,18,8,2,0,0,0,'2008-11-03 19:59:06'),
 (1473,2,28,8,3,0,0,0,'2008-11-03 19:59:06'),
 (1474,2,38,8,4,0,0,0,'2008-11-03 19:59:06'),
 (1475,2,48,8,5,0,0,0,'2008-11-03 19:59:06'),
 (1476,2,58,8,6,0,0,0,'2008-11-03 19:59:06'),
 (1477,2,68,8,7,0,0,0,'2008-11-03 19:59:06'),
 (1478,2,78,8,8,0,0,0,'2008-11-03 19:59:06'),
 (1479,2,88,8,9,0,0,0,'2008-11-03 19:59:06'),
 (1480,2,98,8,10,0,0,0,'2008-11-03 19:59:06'),
 (1481,2,9,9,1,0,0,0,'2008-11-03 19:59:06'),
 (1482,2,19,9,2,0,0,0,'2008-11-03 19:59:06'),
 (1483,2,29,9,3,0,0,0,'2008-11-03 19:59:06'),
 (1484,2,39,9,4,0,0,0,'2008-11-03 19:59:06'),
 (1485,2,49,9,5,0,0,0,'2008-11-03 19:59:06'),
 (1486,2,59,9,6,0,0,0,'2008-11-03 19:59:06'),
 (1487,2,69,9,7,0,0,0,'2008-11-03 19:59:06'),
 (1488,2,79,9,8,0,0,0,'2008-11-03 19:59:06'),
 (1489,2,89,9,9,0,0,0,'2008-11-03 19:59:06'),
 (1490,2,99,9,10,0,0,0,'2008-11-03 19:59:06'),
 (1491,2,10,10,1,0,0,0,'2008-11-03 19:59:06'),
 (1492,2,20,10,2,0,0,0,'2008-11-03 19:59:06'),
 (1493,2,30,10,3,0,0,0,'2008-11-03 19:59:06'),
 (1494,2,40,10,4,0,0,0,'2008-11-03 19:59:06'),
 (1495,2,50,10,5,0,0,0,'2008-11-03 19:59:06'),
 (1496,2,60,10,6,0,0,0,'2008-11-03 19:59:06'),
 (1497,2,70,10,7,0,0,0,'2008-11-03 19:59:06'),
 (1498,2,80,10,8,0,0,0,'2008-11-03 19:59:06'),
 (1499,2,90,10,9,0,0,0,'2008-11-03 19:59:06'),
 (1500,2,100,10,10,0,0,0,'2008-11-03 19:59:06'),
 (1501,2,1,1,1,0,0,0,'2008-11-03 19:59:18'),
 (1502,2,11,1,2,0,0,0,'2008-11-03 19:59:18'),
 (1503,2,21,1,3,0,0,0,'2008-11-03 19:59:18'),
 (1504,2,31,1,4,0,0,0,'2008-11-03 19:59:18'),
 (1505,2,41,1,5,0,0,0,'2008-11-03 19:59:18'),
 (1506,2,51,1,6,0,0,0,'2008-11-03 19:59:18'),
 (1507,2,61,1,7,0,0,0,'2008-11-03 19:59:18'),
 (1508,2,71,1,8,0,0,0,'2008-11-03 19:59:18'),
 (1509,2,81,1,9,0,0,0,'2008-11-03 19:59:18'),
 (1510,2,91,1,10,0,0,0,'2008-11-03 19:59:18'),
 (1511,2,2,2,1,0,0,0,'2008-11-03 19:59:18'),
 (1512,2,12,2,2,0,0,0,'2008-11-03 19:59:18'),
 (1513,2,22,2,3,0,0,0,'2008-11-03 19:59:18'),
 (1514,2,32,2,4,0,0,0,'2008-11-03 19:59:18'),
 (1515,2,42,2,5,0,0,0,'2008-11-03 19:59:18'),
 (1516,2,52,2,6,0,0,0,'2008-11-03 19:59:18'),
 (1517,2,62,2,7,0,0,0,'2008-11-03 19:59:18'),
 (1518,2,72,2,8,0,0,0,'2008-11-03 19:59:18'),
 (1519,2,82,2,9,0,0,0,'2008-11-03 19:59:18'),
 (1520,2,92,2,10,0,0,0,'2008-11-03 19:59:18'),
 (1521,2,3,3,1,0,0,0,'2008-11-03 19:59:18'),
 (1522,2,13,3,2,0,0,0,'2008-11-03 19:59:18'),
 (1523,2,23,3,3,0,0,0,'2008-11-03 19:59:18'),
 (1524,2,33,3,4,0,0,0,'2008-11-03 19:59:18'),
 (1525,2,43,3,5,0,0,0,'2008-11-03 19:59:18'),
 (1526,2,53,3,6,0,0,0,'2008-11-03 19:59:18'),
 (1527,2,63,3,7,0,0,0,'2008-11-03 19:59:18'),
 (1528,2,73,3,8,0,0,0,'2008-11-03 19:59:18'),
 (1529,2,83,3,9,0,0,0,'2008-11-03 19:59:18'),
 (1530,2,93,3,10,0,0,0,'2008-11-03 19:59:18'),
 (1531,2,4,4,1,0,0,0,'2008-11-03 19:59:18'),
 (1532,2,14,4,2,0,0,0,'2008-11-03 19:59:18'),
 (1533,2,24,4,3,0,0,0,'2008-11-03 19:59:18'),
 (1534,2,34,4,4,0,0,0,'2008-11-03 19:59:18'),
 (1535,2,44,4,5,0,0,0,'2008-11-03 19:59:18'),
 (1536,2,54,4,6,0,0,0,'2008-11-03 19:59:18'),
 (1537,2,64,4,7,0,0,0,'2008-11-03 19:59:18'),
 (1538,2,74,4,8,0,0,0,'2008-11-03 19:59:18'),
 (1539,2,84,4,9,0,0,0,'2008-11-03 19:59:18'),
 (1540,2,94,4,10,0,0,0,'2008-11-03 19:59:18'),
 (1541,2,5,5,1,0,0,0,'2008-11-03 19:59:18'),
 (1542,2,15,5,2,0,0,0,'2008-11-03 19:59:18'),
 (1543,2,25,5,3,0,0,0,'2008-11-03 19:59:18'),
 (1544,2,35,5,4,0,0,0,'2008-11-03 19:59:18'),
 (1545,2,45,5,5,0,0,0,'2008-11-03 19:59:18'),
 (1546,2,55,5,6,0,0,0,'2008-11-03 19:59:18'),
 (1547,2,65,5,7,0,0,0,'2008-11-03 19:59:19'),
 (1548,2,75,5,8,0,0,0,'2008-11-03 19:59:19'),
 (1549,2,85,5,9,0,0,0,'2008-11-03 19:59:19'),
 (1550,2,95,5,10,0,0,0,'2008-11-03 19:59:19'),
 (1551,2,6,6,1,0,0,0,'2008-11-03 19:59:19'),
 (1552,2,16,6,2,0,0,0,'2008-11-03 19:59:19'),
 (1553,2,26,6,3,0,0,0,'2008-11-03 19:59:19'),
 (1554,2,36,6,4,0,0,0,'2008-11-03 19:59:19'),
 (1555,2,46,6,5,0,0,0,'2008-11-03 19:59:19'),
 (1556,2,56,6,6,0,0,0,'2008-11-03 19:59:19'),
 (1557,2,66,6,7,0,0,0,'2008-11-03 19:59:19'),
 (1558,2,76,6,8,0,0,0,'2008-11-03 19:59:19'),
 (1559,2,86,6,9,0,0,0,'2008-11-03 19:59:19'),
 (1560,2,96,6,10,0,0,0,'2008-11-03 19:59:19'),
 (1561,2,7,7,1,0,0,0,'2008-11-03 19:59:19'),
 (1562,2,17,7,2,0,0,0,'2008-11-03 19:59:19'),
 (1563,2,27,7,3,0,0,0,'2008-11-03 19:59:19'),
 (1564,2,37,7,4,0,0,0,'2008-11-03 19:59:19'),
 (1565,2,47,7,5,0,0,0,'2008-11-03 19:59:19'),
 (1566,2,57,7,6,0,0,0,'2008-11-03 19:59:19'),
 (1567,2,67,7,7,0,0,0,'2008-11-03 19:59:19'),
 (1568,2,77,7,8,0,0,0,'2008-11-03 19:59:19'),
 (1569,2,87,7,9,0,0,0,'2008-11-03 19:59:19'),
 (1570,2,97,7,10,0,0,0,'2008-11-03 19:59:19'),
 (1571,2,8,8,1,0,0,0,'2008-11-03 19:59:19'),
 (1572,2,18,8,2,0,0,0,'2008-11-03 19:59:19'),
 (1573,2,28,8,3,0,0,0,'2008-11-03 19:59:19'),
 (1574,2,38,8,4,0,0,0,'2008-11-03 19:59:19'),
 (1575,2,48,8,5,0,0,0,'2008-11-03 19:59:19'),
 (1576,2,58,8,6,0,0,0,'2008-11-03 19:59:19'),
 (1577,2,68,8,7,0,0,0,'2008-11-03 19:59:19'),
 (1578,2,78,8,8,0,0,0,'2008-11-03 19:59:19'),
 (1579,2,88,8,9,0,0,0,'2008-11-03 19:59:19'),
 (1580,2,98,8,10,0,0,0,'2008-11-03 19:59:19'),
 (1581,2,9,9,1,0,0,0,'2008-11-03 19:59:19'),
 (1582,2,19,9,2,0,0,0,'2008-11-03 19:59:19'),
 (1583,2,29,9,3,0,0,0,'2008-11-03 19:59:19'),
 (1584,2,39,9,4,0,0,0,'2008-11-03 19:59:19'),
 (1585,2,49,9,5,0,0,0,'2008-11-03 19:59:19'),
 (1586,2,59,9,6,0,0,0,'2008-11-03 19:59:19'),
 (1587,2,69,9,7,0,0,0,'2008-11-03 19:59:19'),
 (1588,2,79,9,8,0,0,0,'2008-11-03 19:59:19'),
 (1589,2,89,9,9,0,0,0,'2008-11-03 19:59:19'),
 (1590,2,99,9,10,0,0,0,'2008-11-03 19:59:19'),
 (1591,2,10,10,1,0,0,0,'2008-11-03 19:59:19'),
 (1592,2,20,10,2,0,0,0,'2008-11-03 19:59:19'),
 (1593,2,30,10,3,0,0,0,'2008-11-03 19:59:19'),
 (1594,2,40,10,4,0,0,0,'2008-11-03 19:59:19'),
 (1595,2,50,10,5,0,0,0,'2008-11-03 19:59:19'),
 (1596,2,60,10,6,0,0,0,'2008-11-03 19:59:19'),
 (1597,2,70,10,7,0,0,0,'2008-11-03 19:59:19'),
 (1598,2,80,10,8,0,0,0,'2008-11-03 19:59:19'),
 (1599,2,90,10,9,0,0,0,'2008-11-03 19:59:19'),
 (1600,2,100,10,10,0,0,0,'2008-11-03 19:59:19'),
 (1601,2,1,1,1,0,0,0,'2008-11-03 19:59:29'),
 (1602,2,11,1,2,0,0,0,'2008-11-03 19:59:29'),
 (1603,2,21,1,3,0,0,0,'2008-11-03 19:59:29'),
 (1604,2,31,1,4,0,0,0,'2008-11-03 19:59:29'),
 (1605,2,41,1,5,0,0,0,'2008-11-03 19:59:29'),
 (1606,2,51,1,6,0,0,0,'2008-11-03 19:59:29'),
 (1607,2,61,1,7,0,0,0,'2008-11-03 19:59:29'),
 (1608,2,71,1,8,0,0,0,'2008-11-03 19:59:29'),
 (1609,2,81,1,9,0,0,0,'2008-11-03 19:59:29'),
 (1610,2,91,1,10,0,0,0,'2008-11-03 19:59:29'),
 (1611,2,2,2,1,0,0,0,'2008-11-03 19:59:29'),
 (1612,2,12,2,2,0,0,0,'2008-11-03 19:59:29'),
 (1613,2,22,2,3,0,0,0,'2008-11-03 19:59:29'),
 (1614,2,32,2,4,0,0,0,'2008-11-03 19:59:29'),
 (1615,2,42,2,5,0,0,0,'2008-11-03 19:59:29'),
 (1616,2,52,2,6,0,0,0,'2008-11-03 19:59:29'),
 (1617,2,62,2,7,0,0,0,'2008-11-03 19:59:29'),
 (1618,2,72,2,8,0,0,0,'2008-11-03 19:59:29'),
 (1619,2,82,2,9,0,0,0,'2008-11-03 19:59:29'),
 (1620,2,92,2,10,0,0,0,'2008-11-03 19:59:29'),
 (1621,2,3,3,1,0,0,0,'2008-11-03 19:59:29'),
 (1622,2,13,3,2,0,0,0,'2008-11-03 19:59:29'),
 (1623,2,23,3,3,0,0,0,'2008-11-03 19:59:29'),
 (1624,2,33,3,4,0,0,0,'2008-11-03 19:59:29'),
 (1625,2,43,3,5,0,0,0,'2008-11-03 19:59:29'),
 (1626,2,53,3,6,0,0,0,'2008-11-03 19:59:29'),
 (1627,2,63,3,7,0,0,0,'2008-11-03 19:59:29'),
 (1628,2,73,3,8,0,0,0,'2008-11-03 19:59:29'),
 (1629,2,83,3,9,0,0,0,'2008-11-03 19:59:29'),
 (1630,2,93,3,10,0,0,0,'2008-11-03 19:59:29'),
 (1631,2,4,4,1,0,0,0,'2008-11-03 19:59:29'),
 (1632,2,14,4,2,0,0,0,'2008-11-03 19:59:29'),
 (1633,2,24,4,3,0,0,0,'2008-11-03 19:59:29'),
 (1634,2,34,4,4,0,0,0,'2008-11-03 19:59:29'),
 (1635,2,44,4,5,0,0,0,'2008-11-03 19:59:29'),
 (1636,2,54,4,6,0,0,0,'2008-11-03 19:59:29'),
 (1637,2,64,4,7,0,0,0,'2008-11-03 19:59:29'),
 (1638,2,74,4,8,0,0,0,'2008-11-03 19:59:29'),
 (1639,2,84,4,9,0,0,0,'2008-11-03 19:59:29'),
 (1640,2,94,4,10,0,0,0,'2008-11-03 19:59:29'),
 (1641,2,5,5,1,0,0,0,'2008-11-03 19:59:29'),
 (1642,2,15,5,2,0,0,0,'2008-11-03 19:59:29'),
 (1643,2,25,5,3,0,0,0,'2008-11-03 19:59:29'),
 (1644,2,35,5,4,0,0,0,'2008-11-03 19:59:29'),
 (1645,2,45,5,5,0,0,0,'2008-11-03 19:59:29'),
 (1646,2,55,5,6,0,0,0,'2008-11-03 19:59:29'),
 (1647,2,65,5,7,0,0,0,'2008-11-03 19:59:29'),
 (1648,2,75,5,8,0,0,0,'2008-11-03 19:59:29'),
 (1649,2,85,5,9,0,0,0,'2008-11-03 19:59:29'),
 (1650,2,95,5,10,0,0,0,'2008-11-03 19:59:29'),
 (1651,2,6,6,1,0,0,0,'2008-11-03 19:59:29'),
 (1652,2,16,6,2,0,0,0,'2008-11-03 19:59:29'),
 (1653,2,26,6,3,0,0,0,'2008-11-03 19:59:29'),
 (1654,2,36,6,4,0,0,0,'2008-11-03 19:59:29'),
 (1655,2,46,6,5,0,0,0,'2008-11-03 19:59:29'),
 (1656,2,56,6,6,0,0,0,'2008-11-03 19:59:29'),
 (1657,2,66,6,7,0,0,0,'2008-11-03 19:59:29'),
 (1658,2,76,6,8,0,0,0,'2008-11-03 19:59:29'),
 (1659,2,86,6,9,0,0,0,'2008-11-03 19:59:29'),
 (1660,2,96,6,10,0,0,0,'2008-11-03 19:59:29'),
 (1661,2,7,7,1,0,0,0,'2008-11-03 19:59:29'),
 (1662,2,17,7,2,0,0,0,'2008-11-03 19:59:29'),
 (1663,2,27,7,3,0,0,0,'2008-11-03 19:59:29'),
 (1664,2,37,7,4,0,0,0,'2008-11-03 19:59:29'),
 (1665,2,47,7,5,0,0,0,'2008-11-03 19:59:29'),
 (1666,2,57,7,6,0,0,0,'2008-11-03 19:59:29'),
 (1667,2,67,7,7,0,0,0,'2008-11-03 19:59:29'),
 (1668,2,77,7,8,0,0,0,'2008-11-03 19:59:29'),
 (1669,2,87,7,9,0,0,0,'2008-11-03 19:59:29'),
 (1670,2,97,7,10,0,0,0,'2008-11-03 19:59:29'),
 (1671,2,8,8,1,0,0,0,'2008-11-03 19:59:29'),
 (1672,2,18,8,2,0,0,0,'2008-11-03 19:59:29'),
 (1673,2,28,8,3,0,0,0,'2008-11-03 19:59:29'),
 (1674,2,38,8,4,0,0,0,'2008-11-03 19:59:30'),
 (1675,2,48,8,5,0,0,0,'2008-11-03 19:59:30'),
 (1676,2,58,8,6,0,0,0,'2008-11-03 19:59:30'),
 (1677,2,68,8,7,0,0,0,'2008-11-03 19:59:30'),
 (1678,2,78,8,8,0,0,0,'2008-11-03 19:59:30'),
 (1679,2,88,8,9,0,0,0,'2008-11-03 19:59:30'),
 (1680,2,98,8,10,0,0,0,'2008-11-03 19:59:30'),
 (1681,2,9,9,1,0,0,0,'2008-11-03 19:59:30'),
 (1682,2,19,9,2,0,0,0,'2008-11-03 19:59:30'),
 (1683,2,29,9,3,0,0,0,'2008-11-03 19:59:30'),
 (1684,2,39,9,4,0,0,0,'2008-11-03 19:59:30'),
 (1685,2,49,9,5,0,0,0,'2008-11-03 19:59:30'),
 (1686,2,59,9,6,0,0,0,'2008-11-03 19:59:30'),
 (1687,2,69,9,7,0,0,0,'2008-11-03 19:59:30'),
 (1688,2,79,9,8,0,0,0,'2008-11-03 19:59:30'),
 (1689,2,89,9,9,0,0,0,'2008-11-03 19:59:30'),
 (1690,2,99,9,10,0,0,0,'2008-11-03 19:59:30'),
 (1691,2,10,10,1,0,0,0,'2008-11-03 19:59:30'),
 (1692,2,20,10,2,0,0,0,'2008-11-03 19:59:30'),
 (1693,2,30,10,3,0,0,0,'2008-11-03 19:59:30'),
 (1694,2,40,10,4,0,0,0,'2008-11-03 19:59:30'),
 (1695,2,50,10,5,0,0,0,'2008-11-03 19:59:30'),
 (1696,2,60,10,6,0,0,0,'2008-11-03 19:59:30'),
 (1697,2,70,10,7,0,0,0,'2008-11-03 19:59:30'),
 (1698,2,80,10,8,0,0,0,'2008-11-03 19:59:30'),
 (1699,2,90,10,9,0,0,0,'2008-11-03 19:59:30'),
 (1700,2,100,10,10,0,0,0,'2008-11-03 19:59:30'),
 (1701,2,1,1,1,0,0,0,'2008-11-03 19:59:45'),
 (1702,2,11,1,2,0,0,0,'2008-11-03 19:59:45'),
 (1703,2,21,1,3,0,0,0,'2008-11-03 19:59:45'),
 (1704,2,31,1,4,0,0,0,'2008-11-03 19:59:45'),
 (1705,2,41,1,5,0,0,0,'2008-11-03 19:59:45'),
 (1706,2,51,1,6,0,0,0,'2008-11-03 19:59:45'),
 (1707,2,61,1,7,0,0,0,'2008-11-03 19:59:45'),
 (1708,2,71,1,8,0,0,0,'2008-11-03 19:59:45'),
 (1709,2,81,1,9,0,0,0,'2008-11-03 19:59:45'),
 (1710,2,91,1,10,0,0,0,'2008-11-03 19:59:45'),
 (1711,2,2,2,1,0,0,0,'2008-11-03 19:59:45'),
 (1712,2,12,2,2,0,0,0,'2008-11-03 19:59:45'),
 (1713,2,22,2,3,0,0,0,'2008-11-03 19:59:45'),
 (1714,2,32,2,4,0,0,0,'2008-11-03 19:59:45'),
 (1715,2,42,2,5,0,0,0,'2008-11-03 19:59:45'),
 (1716,2,52,2,6,0,0,0,'2008-11-03 19:59:45'),
 (1717,2,62,2,7,0,0,0,'2008-11-03 19:59:45'),
 (1718,2,72,2,8,0,0,0,'2008-11-03 19:59:45'),
 (1719,2,82,2,9,0,0,0,'2008-11-03 19:59:45'),
 (1720,2,92,2,10,0,0,0,'2008-11-03 19:59:45'),
 (1721,2,3,3,1,0,0,0,'2008-11-03 19:59:45'),
 (1722,2,13,3,2,0,0,0,'2008-11-03 19:59:45'),
 (1723,2,23,3,3,0,0,0,'2008-11-03 19:59:45'),
 (1724,2,33,3,4,0,0,0,'2008-11-03 19:59:46'),
 (1725,2,43,3,5,0,0,0,'2008-11-03 19:59:46'),
 (1726,2,53,3,6,0,0,0,'2008-11-03 19:59:46'),
 (1727,2,63,3,7,0,0,0,'2008-11-03 19:59:46'),
 (1728,2,73,3,8,0,0,0,'2008-11-03 19:59:46'),
 (1729,2,83,3,9,0,0,0,'2008-11-03 19:59:46'),
 (1730,2,93,3,10,0,0,0,'2008-11-03 19:59:46'),
 (1731,2,4,4,1,0,0,0,'2008-11-03 19:59:46'),
 (1732,2,14,4,2,0,0,0,'2008-11-03 19:59:46'),
 (1733,2,24,4,3,0,0,0,'2008-11-03 19:59:46'),
 (1734,2,34,4,4,0,0,0,'2008-11-03 19:59:46'),
 (1735,2,44,4,5,0,0,0,'2008-11-03 19:59:46'),
 (1736,2,54,4,6,0,0,0,'2008-11-03 19:59:46'),
 (1737,2,64,4,7,0,0,0,'2008-11-03 19:59:46'),
 (1738,2,74,4,8,0,0,0,'2008-11-03 19:59:46'),
 (1739,2,84,4,9,0,0,0,'2008-11-03 19:59:46'),
 (1740,2,94,4,10,0,0,0,'2008-11-03 19:59:46'),
 (1741,2,5,5,1,0,0,0,'2008-11-03 19:59:46'),
 (1742,2,15,5,2,0,0,0,'2008-11-03 19:59:46'),
 (1743,2,25,5,3,0,0,0,'2008-11-03 19:59:46'),
 (1744,2,35,5,4,0,0,0,'2008-11-03 19:59:46'),
 (1745,2,45,5,5,0,0,0,'2008-11-03 19:59:46'),
 (1746,2,55,5,6,0,0,0,'2008-11-03 19:59:46'),
 (1747,2,65,5,7,0,0,0,'2008-11-03 19:59:46'),
 (1748,2,75,5,8,0,0,0,'2008-11-03 19:59:46'),
 (1749,2,85,5,9,0,0,0,'2008-11-03 19:59:46'),
 (1750,2,95,5,10,0,0,0,'2008-11-03 19:59:46'),
 (1751,2,6,6,1,0,0,0,'2008-11-03 19:59:46'),
 (1752,2,16,6,2,0,0,0,'2008-11-03 19:59:46'),
 (1753,2,26,6,3,0,0,0,'2008-11-03 19:59:46'),
 (1754,2,36,6,4,0,0,0,'2008-11-03 19:59:46'),
 (1755,2,46,6,5,0,0,0,'2008-11-03 19:59:46'),
 (1756,2,56,6,6,0,0,0,'2008-11-03 19:59:46'),
 (1757,2,66,6,7,0,0,0,'2008-11-03 19:59:46'),
 (1758,2,76,6,8,0,0,0,'2008-11-03 19:59:46'),
 (1759,2,86,6,9,0,0,0,'2008-11-03 19:59:46'),
 (1760,2,96,6,10,0,0,0,'2008-11-03 19:59:46'),
 (1761,2,7,7,1,0,0,0,'2008-11-03 19:59:46'),
 (1762,2,17,7,2,0,0,0,'2008-11-03 19:59:46'),
 (1763,2,27,7,3,0,0,0,'2008-11-03 19:59:46'),
 (1764,2,37,7,4,0,0,0,'2008-11-03 19:59:46'),
 (1765,2,47,7,5,0,0,0,'2008-11-03 19:59:46'),
 (1766,2,57,7,6,0,0,0,'2008-11-03 19:59:46'),
 (1767,2,67,7,7,0,0,0,'2008-11-03 19:59:46'),
 (1768,2,77,7,8,0,0,0,'2008-11-03 19:59:46'),
 (1769,2,87,7,9,0,0,0,'2008-11-03 19:59:46'),
 (1770,2,97,7,10,0,0,0,'2008-11-03 19:59:46'),
 (1771,2,8,8,1,0,0,0,'2008-11-03 19:59:46'),
 (1772,2,18,8,2,0,0,0,'2008-11-03 19:59:46'),
 (1773,2,28,8,3,0,0,0,'2008-11-03 19:59:46'),
 (1774,2,38,8,4,0,0,0,'2008-11-03 19:59:46'),
 (1775,2,48,8,5,0,0,0,'2008-11-03 19:59:46'),
 (1776,2,58,8,6,0,0,0,'2008-11-03 19:59:46'),
 (1777,2,68,8,7,0,0,0,'2008-11-03 19:59:46'),
 (1778,2,78,8,8,0,0,0,'2008-11-03 19:59:46'),
 (1779,2,88,8,9,0,0,0,'2008-11-03 19:59:46'),
 (1780,2,98,8,10,0,0,0,'2008-11-03 19:59:46'),
 (1781,2,9,9,1,0,0,0,'2008-11-03 19:59:46'),
 (1782,2,19,9,2,0,0,0,'2008-11-03 19:59:46'),
 (1783,2,29,9,3,0,0,0,'2008-11-03 19:59:46'),
 (1784,2,39,9,4,0,0,0,'2008-11-03 19:59:46'),
 (1785,2,49,9,5,0,0,0,'2008-11-03 19:59:46'),
 (1786,2,59,9,6,0,0,0,'2008-11-03 19:59:46'),
 (1787,2,69,9,7,0,0,0,'2008-11-03 19:59:46'),
 (1788,2,79,9,8,0,0,0,'2008-11-03 19:59:46'),
 (1789,2,89,9,9,0,0,0,'2008-11-03 19:59:46'),
 (1790,2,99,9,10,0,0,0,'2008-11-03 19:59:46'),
 (1791,2,10,10,1,0,0,0,'2008-11-03 19:59:46'),
 (1792,2,20,10,2,0,0,0,'2008-11-03 19:59:46'),
 (1793,2,30,10,3,0,0,0,'2008-11-03 19:59:46'),
 (1794,2,40,10,4,0,0,0,'2008-11-03 19:59:46'),
 (1795,2,50,10,5,0,0,0,'2008-11-03 19:59:46'),
 (1796,2,60,10,6,0,0,0,'2008-11-03 19:59:46'),
 (1797,2,70,10,7,0,0,0,'2008-11-03 19:59:46'),
 (1798,2,80,10,8,0,0,0,'2008-11-03 19:59:46'),
 (1799,2,90,10,9,0,0,0,'2008-11-03 19:59:46'),
 (1800,2,100,10,10,0,0,0,'2008-11-03 19:59:46'),
 (1801,2,1,1,1,0,0,0,'2008-11-03 20:00:21'),
 (1802,2,11,1,2,0,0,0,'2008-11-03 20:00:21'),
 (1803,2,21,1,3,0,0,0,'2008-11-03 20:00:21'),
 (1804,2,31,1,4,0,0,0,'2008-11-03 20:00:21'),
 (1805,2,41,1,5,0,0,0,'2008-11-03 20:00:21'),
 (1806,2,51,1,6,0,0,0,'2008-11-03 20:00:21'),
 (1807,2,61,1,7,0,0,0,'2008-11-03 20:00:21'),
 (1808,2,71,1,8,0,0,0,'2008-11-03 20:00:21'),
 (1809,2,81,1,9,0,0,0,'2008-11-03 20:00:21'),
 (1810,2,91,1,10,0,0,0,'2008-11-03 20:00:21'),
 (1811,2,2,2,1,0,0,0,'2008-11-03 20:00:21'),
 (1812,2,12,2,2,0,0,0,'2008-11-03 20:00:21'),
 (1813,2,22,2,3,0,0,0,'2008-11-03 20:00:21'),
 (1814,2,32,2,4,0,0,0,'2008-11-03 20:00:21'),
 (1815,2,42,2,5,0,0,0,'2008-11-03 20:00:21'),
 (1816,2,52,2,6,0,0,0,'2008-11-03 20:00:21'),
 (1817,2,62,2,7,0,0,0,'2008-11-03 20:00:21'),
 (1818,2,72,2,8,0,0,0,'2008-11-03 20:00:21'),
 (1819,2,82,2,9,0,0,0,'2008-11-03 20:00:21'),
 (1820,2,92,2,10,0,0,0,'2008-11-03 20:00:21'),
 (1821,2,3,3,1,0,0,0,'2008-11-03 20:00:22'),
 (1822,2,13,3,2,0,0,0,'2008-11-03 20:00:22'),
 (1823,2,23,3,3,0,0,0,'2008-11-03 20:00:22'),
 (1824,2,33,3,4,0,0,0,'2008-11-03 20:00:22'),
 (1825,2,43,3,5,0,0,0,'2008-11-03 20:00:22'),
 (1826,2,53,3,6,0,0,0,'2008-11-03 20:00:22'),
 (1827,2,63,3,7,0,0,0,'2008-11-03 20:00:22'),
 (1828,2,73,3,8,0,0,0,'2008-11-03 20:00:22'),
 (1829,2,83,3,9,0,0,0,'2008-11-03 20:00:22'),
 (1830,2,93,3,10,0,0,0,'2008-11-03 20:00:22'),
 (1831,2,4,4,1,0,0,0,'2008-11-03 20:00:22'),
 (1832,2,14,4,2,0,0,0,'2008-11-03 20:00:22'),
 (1833,2,24,4,3,0,0,0,'2008-11-03 20:00:22'),
 (1834,2,34,4,4,0,0,0,'2008-11-03 20:00:22'),
 (1835,2,44,4,5,0,0,0,'2008-11-03 20:00:22'),
 (1836,2,54,4,6,0,0,0,'2008-11-03 20:00:22'),
 (1837,2,64,4,7,0,0,0,'2008-11-03 20:00:22'),
 (1838,2,74,4,8,0,0,0,'2008-11-03 20:00:22'),
 (1839,2,84,4,9,0,0,0,'2008-11-03 20:00:22'),
 (1840,2,94,4,10,0,0,0,'2008-11-03 20:00:22'),
 (1841,2,5,5,1,0,0,0,'2008-11-03 20:00:22'),
 (1842,2,15,5,2,0,0,0,'2008-11-03 20:00:22'),
 (1843,2,25,5,3,0,0,0,'2008-11-03 20:00:22'),
 (1844,2,35,5,4,0,0,0,'2008-11-03 20:00:22'),
 (1845,2,45,5,5,0,0,0,'2008-11-03 20:00:22'),
 (1846,2,55,5,6,0,0,0,'2008-11-03 20:00:22'),
 (1847,2,65,5,7,0,0,0,'2008-11-03 20:00:22'),
 (1848,2,75,5,8,0,0,0,'2008-11-03 20:00:22'),
 (1849,2,85,5,9,0,0,0,'2008-11-03 20:00:22'),
 (1850,2,95,5,10,0,0,0,'2008-11-03 20:00:22'),
 (1851,2,6,6,1,0,0,0,'2008-11-03 20:00:22'),
 (1852,2,16,6,2,0,0,0,'2008-11-03 20:00:22'),
 (1853,2,26,6,3,0,0,0,'2008-11-03 20:00:22'),
 (1854,2,36,6,4,0,0,0,'2008-11-03 20:00:22'),
 (1855,2,46,6,5,0,0,0,'2008-11-03 20:00:22'),
 (1856,2,56,6,6,0,0,0,'2008-11-03 20:00:22'),
 (1857,2,66,6,7,0,0,0,'2008-11-03 20:00:22'),
 (1858,2,76,6,8,0,0,0,'2008-11-03 20:00:22'),
 (1859,2,86,6,9,0,0,0,'2008-11-03 20:00:22'),
 (1860,2,96,6,10,0,0,0,'2008-11-03 20:00:22'),
 (1861,2,7,7,1,0,0,0,'2008-11-03 20:00:22'),
 (1862,2,17,7,2,0,0,0,'2008-11-03 20:00:22'),
 (1863,2,27,7,3,0,0,0,'2008-11-03 20:00:22'),
 (1864,2,37,7,4,0,0,0,'2008-11-03 20:00:22'),
 (1865,2,47,7,5,0,0,0,'2008-11-03 20:00:22'),
 (1866,2,57,7,6,0,0,0,'2008-11-03 20:00:22'),
 (1867,2,67,7,7,0,0,0,'2008-11-03 20:00:22'),
 (1868,2,77,7,8,0,0,0,'2008-11-03 20:00:22'),
 (1869,2,87,7,9,0,0,0,'2008-11-03 20:00:22'),
 (1870,2,97,7,10,0,0,0,'2008-11-03 20:00:22'),
 (1871,2,8,8,1,0,0,0,'2008-11-03 20:00:22'),
 (1872,2,18,8,2,0,0,0,'2008-11-03 20:00:22'),
 (1873,2,28,8,3,0,0,0,'2008-11-03 20:00:22'),
 (1874,2,38,8,4,0,0,0,'2008-11-03 20:00:22'),
 (1875,2,48,8,5,0,0,0,'2008-11-03 20:00:22'),
 (1876,2,58,8,6,0,0,0,'2008-11-03 20:00:22'),
 (1877,2,68,8,7,0,0,0,'2008-11-03 20:00:22'),
 (1878,2,78,8,8,0,0,0,'2008-11-03 20:00:22'),
 (1879,2,88,8,9,0,0,0,'2008-11-03 20:00:22'),
 (1880,2,98,8,10,0,0,0,'2008-11-03 20:00:22'),
 (1881,2,9,9,1,0,0,0,'2008-11-03 20:00:22'),
 (1882,2,19,9,2,0,0,0,'2008-11-03 20:00:22'),
 (1883,2,29,9,3,0,0,0,'2008-11-03 20:00:22'),
 (1884,2,39,9,4,0,0,0,'2008-11-03 20:00:22'),
 (1885,2,49,9,5,0,0,0,'2008-11-03 20:00:22'),
 (1886,2,59,9,6,0,0,0,'2008-11-03 20:00:22'),
 (1887,2,69,9,7,0,0,0,'2008-11-03 20:00:22'),
 (1888,2,79,9,8,0,0,0,'2008-11-03 20:00:22'),
 (1889,2,89,9,9,0,0,0,'2008-11-03 20:00:22'),
 (1890,2,99,9,10,0,0,0,'2008-11-03 20:00:22'),
 (1891,2,10,10,1,0,0,0,'2008-11-03 20:00:22'),
 (1892,2,20,10,2,0,0,0,'2008-11-03 20:00:22'),
 (1893,2,30,10,3,0,0,0,'2008-11-03 20:00:22'),
 (1894,2,40,10,4,0,0,0,'2008-11-03 20:00:22'),
 (1895,2,50,10,5,0,0,0,'2008-11-03 20:00:22'),
 (1896,2,60,10,6,0,0,0,'2008-11-03 20:00:22'),
 (1897,2,70,10,7,0,0,0,'2008-11-03 20:00:22'),
 (1898,2,80,10,8,0,0,0,'2008-11-03 20:00:22'),
 (1899,2,90,10,9,0,0,0,'2008-11-03 20:00:22'),
 (1900,2,100,10,10,0,0,0,'2008-11-03 20:00:22'),
 (1901,2,1,1,1,0,0,0,'2008-11-03 22:23:13'),
 (1902,2,11,1,2,0,0,0,'2008-11-03 22:23:14'),
 (1903,2,21,1,3,0,0,0,'2008-11-03 22:23:14'),
 (1904,2,31,1,4,0,0,0,'2008-11-03 22:23:14'),
 (1905,2,41,1,5,0,0,0,'2008-11-03 22:23:14'),
 (1906,2,51,1,6,0,0,0,'2008-11-03 22:23:14'),
 (1907,2,61,1,7,0,0,0,'2008-11-03 22:23:14'),
 (1908,2,71,1,8,0,0,0,'2008-11-03 22:23:14'),
 (1909,2,81,1,9,0,0,0,'2008-11-03 22:23:14'),
 (1910,2,91,1,10,0,0,0,'2008-11-03 22:23:14'),
 (1911,2,2,2,1,0,0,0,'2008-11-03 22:23:14'),
 (1912,2,12,2,2,0,0,0,'2008-11-03 22:23:14'),
 (1913,2,22,2,3,0,0,0,'2008-11-03 22:23:14'),
 (1914,2,32,2,4,0,0,0,'2008-11-03 22:23:14'),
 (1915,2,42,2,5,0,0,0,'2008-11-03 22:23:14'),
 (1916,2,52,2,6,0,0,0,'2008-11-03 22:23:14'),
 (1917,2,62,2,7,0,0,0,'2008-11-03 22:23:14'),
 (1918,2,72,2,8,0,0,0,'2008-11-03 22:23:14'),
 (1919,2,82,2,9,0,0,0,'2008-11-03 22:23:14'),
 (1920,2,92,2,10,0,0,0,'2008-11-03 22:23:14'),
 (1921,2,3,3,1,0,0,0,'2008-11-03 22:23:14'),
 (1922,2,13,3,2,0,0,0,'2008-11-03 22:23:14'),
 (1923,2,23,3,3,0,0,0,'2008-11-03 22:23:14'),
 (1924,2,33,3,4,0,0,0,'2008-11-03 22:23:14'),
 (1925,2,43,3,5,0,0,0,'2008-11-03 22:23:14'),
 (1926,2,53,3,6,0,0,0,'2008-11-03 22:23:14'),
 (1927,2,63,3,7,0,0,0,'2008-11-03 22:23:14'),
 (1928,2,73,3,8,0,0,0,'2008-11-03 22:23:14'),
 (1929,2,83,3,9,0,0,0,'2008-11-03 22:23:14'),
 (1930,2,93,3,10,0,0,0,'2008-11-03 22:23:14'),
 (1931,2,4,4,1,0,0,0,'2008-11-03 22:23:14'),
 (1932,2,14,4,2,0,0,0,'2008-11-03 22:23:14'),
 (1933,2,24,4,3,0,0,0,'2008-11-03 22:23:14'),
 (1934,2,34,4,4,0,0,0,'2008-11-03 22:23:14'),
 (1935,2,44,4,5,0,0,0,'2008-11-03 22:23:14'),
 (1936,2,54,4,6,0,0,0,'2008-11-03 22:23:14'),
 (1937,2,64,4,7,0,0,0,'2008-11-03 22:23:14'),
 (1938,2,74,4,8,0,0,0,'2008-11-03 22:23:14'),
 (1939,2,84,4,9,0,0,0,'2008-11-03 22:23:14'),
 (1940,2,94,4,10,0,0,0,'2008-11-03 22:23:14'),
 (1941,2,5,5,1,0,0,0,'2008-11-03 22:23:14'),
 (1942,2,15,5,2,0,0,0,'2008-11-03 22:23:14'),
 (1943,2,25,5,3,0,0,0,'2008-11-03 22:23:14'),
 (1944,2,35,5,4,0,0,0,'2008-11-03 22:23:14'),
 (1945,2,45,5,5,0,0,0,'2008-11-03 22:23:14'),
 (1946,2,55,5,6,0,0,0,'2008-11-03 22:23:14'),
 (1947,2,65,5,7,0,0,0,'2008-11-03 22:23:14'),
 (1948,2,75,5,8,0,0,0,'2008-11-03 22:23:14'),
 (1949,2,85,5,9,0,0,0,'2008-11-03 22:23:14'),
 (1950,2,95,5,10,0,0,0,'2008-11-03 22:23:14'),
 (1951,2,6,6,1,0,0,0,'2008-11-03 22:23:14'),
 (1952,2,16,6,2,0,0,0,'2008-11-03 22:23:14'),
 (1953,2,26,6,3,0,0,0,'2008-11-03 22:23:14'),
 (1954,2,36,6,4,0,0,0,'2008-11-03 22:23:14'),
 (1955,2,46,6,5,0,0,0,'2008-11-03 22:23:14'),
 (1956,2,56,6,6,0,0,0,'2008-11-03 22:23:14'),
 (1957,2,66,6,7,0,0,0,'2008-11-03 22:23:14'),
 (1958,2,76,6,8,0,0,0,'2008-11-03 22:23:14'),
 (1959,2,86,6,9,0,0,0,'2008-11-03 22:23:14'),
 (1960,2,96,6,10,0,0,0,'2008-11-03 22:23:14'),
 (1961,2,7,7,1,0,0,0,'2008-11-03 22:23:14'),
 (1962,2,17,7,2,0,0,0,'2008-11-03 22:23:14'),
 (1963,2,27,7,3,0,0,0,'2008-11-03 22:23:14'),
 (1964,2,37,7,4,0,0,0,'2008-11-03 22:23:14'),
 (1965,2,47,7,5,0,0,0,'2008-11-03 22:23:14'),
 (1966,2,57,7,6,0,0,0,'2008-11-03 22:23:14'),
 (1967,2,67,7,7,0,0,0,'2008-11-03 22:23:14'),
 (1968,2,77,7,8,0,0,0,'2008-11-03 22:23:14'),
 (1969,2,87,7,9,0,0,0,'2008-11-03 22:23:14'),
 (1970,2,97,7,10,0,0,0,'2008-11-03 22:23:14'),
 (1971,2,8,8,1,0,0,0,'2008-11-03 22:23:14'),
 (1972,2,18,8,2,0,0,0,'2008-11-03 22:23:14'),
 (1973,2,28,8,3,0,0,0,'2008-11-03 22:23:14'),
 (1974,2,38,8,4,0,0,0,'2008-11-03 22:23:14'),
 (1975,2,48,8,5,0,0,0,'2008-11-03 22:23:14'),
 (1976,2,58,8,6,0,0,0,'2008-11-03 22:23:14'),
 (1977,2,68,8,7,0,0,0,'2008-11-03 22:23:14'),
 (1978,2,78,8,8,0,0,0,'2008-11-03 22:23:14'),
 (1979,2,88,8,9,0,0,0,'2008-11-03 22:23:14'),
 (1980,2,98,8,10,0,0,0,'2008-11-03 22:23:14'),
 (1981,2,9,9,1,0,0,0,'2008-11-03 22:23:14'),
 (1982,2,19,9,2,0,0,0,'2008-11-03 22:23:14'),
 (1983,2,29,9,3,0,0,0,'2008-11-03 22:23:14'),
 (1984,2,39,9,4,0,0,0,'2008-11-03 22:23:14'),
 (1985,2,49,9,5,0,0,0,'2008-11-03 22:23:14'),
 (1986,2,59,9,6,0,0,0,'2008-11-03 22:23:14'),
 (1987,2,69,9,7,0,0,0,'2008-11-03 22:23:14'),
 (1988,2,79,9,8,0,0,0,'2008-11-03 22:23:14'),
 (1989,2,89,9,9,0,0,0,'2008-11-03 22:23:14'),
 (1990,2,99,9,10,0,0,0,'2008-11-03 22:23:14'),
 (1991,2,10,10,1,0,0,0,'2008-11-03 22:23:14'),
 (1992,2,20,10,2,0,0,0,'2008-11-03 22:23:14'),
 (1993,2,30,10,3,0,0,0,'2008-11-03 22:23:14'),
 (1994,2,40,10,4,0,0,0,'2008-11-03 22:23:14'),
 (1995,2,50,10,5,0,0,0,'2008-11-03 22:23:14'),
 (1996,2,60,10,6,0,0,0,'2008-11-03 22:23:14'),
 (1997,2,70,10,7,0,0,0,'2008-11-03 22:23:14'),
 (1998,2,80,10,8,0,0,0,'2008-11-03 22:23:14'),
 (1999,2,90,10,9,0,0,0,'2008-11-03 22:23:14'),
 (2000,2,100,10,10,0,0,0,'2008-11-03 22:23:14'),
 (2001,2,1,1,1,0,0,0,'2008-11-03 22:23:49'),
 (2002,2,11,1,2,0,0,0,'2008-11-03 22:23:50'),
 (2003,2,21,1,3,0,0,0,'2008-11-03 22:23:50'),
 (2004,2,31,1,4,0,0,0,'2008-11-03 22:23:50'),
 (2005,2,41,1,5,0,0,0,'2008-11-03 22:23:50'),
 (2006,2,51,1,6,0,0,0,'2008-11-03 22:23:50'),
 (2007,2,61,1,7,0,0,0,'2008-11-03 22:23:50'),
 (2008,2,71,1,8,0,0,0,'2008-11-03 22:23:50'),
 (2009,2,81,1,9,0,0,0,'2008-11-03 22:23:50'),
 (2010,2,91,1,10,0,0,0,'2008-11-03 22:23:50'),
 (2011,2,2,2,1,0,0,0,'2008-11-03 22:23:50'),
 (2012,2,12,2,2,0,0,0,'2008-11-03 22:23:50'),
 (2013,2,22,2,3,0,0,0,'2008-11-03 22:23:50'),
 (2014,2,32,2,4,0,0,0,'2008-11-03 22:23:50'),
 (2015,2,42,2,5,0,0,0,'2008-11-03 22:23:50'),
 (2016,2,52,2,6,0,0,0,'2008-11-03 22:23:50'),
 (2017,2,62,2,7,0,0,0,'2008-11-03 22:23:50'),
 (2018,2,72,2,8,0,0,0,'2008-11-03 22:23:50'),
 (2019,2,82,2,9,0,0,0,'2008-11-03 22:23:50'),
 (2020,2,92,2,10,0,0,0,'2008-11-03 22:23:50'),
 (2021,2,3,3,1,0,0,0,'2008-11-03 22:23:50'),
 (2022,2,13,3,2,0,0,0,'2008-11-03 22:23:50'),
 (2023,2,23,3,3,0,0,0,'2008-11-03 22:23:50'),
 (2024,2,33,3,4,0,0,0,'2008-11-03 22:23:50'),
 (2025,2,43,3,5,0,0,0,'2008-11-03 22:23:50'),
 (2026,2,53,3,6,0,0,0,'2008-11-03 22:23:50'),
 (2027,2,63,3,7,0,0,0,'2008-11-03 22:23:50'),
 (2028,2,73,3,8,0,0,0,'2008-11-03 22:23:50'),
 (2029,2,83,3,9,0,0,0,'2008-11-03 22:23:50'),
 (2030,2,93,3,10,0,0,0,'2008-11-03 22:23:50'),
 (2031,2,4,4,1,0,0,0,'2008-11-03 22:23:50'),
 (2032,2,14,4,2,0,0,0,'2008-11-03 22:23:50'),
 (2033,2,24,4,3,0,0,0,'2008-11-03 22:23:50'),
 (2034,2,34,4,4,0,0,0,'2008-11-03 22:23:50'),
 (2035,2,44,4,5,0,0,0,'2008-11-03 22:23:50'),
 (2036,2,54,4,6,0,0,0,'2008-11-03 22:23:50'),
 (2037,2,64,4,7,0,0,0,'2008-11-03 22:23:50'),
 (2038,2,74,4,8,0,0,0,'2008-11-03 22:23:50'),
 (2039,2,84,4,9,0,0,0,'2008-11-03 22:23:50'),
 (2040,2,94,4,10,0,0,0,'2008-11-03 22:23:50'),
 (2041,2,5,5,1,0,0,0,'2008-11-03 22:23:50'),
 (2042,2,15,5,2,0,0,0,'2008-11-03 22:23:50'),
 (2043,2,25,5,3,0,0,0,'2008-11-03 22:23:50'),
 (2044,2,35,5,4,0,0,0,'2008-11-03 22:23:50'),
 (2045,2,45,5,5,0,0,0,'2008-11-03 22:23:50'),
 (2046,2,55,5,6,0,0,0,'2008-11-03 22:23:50'),
 (2047,2,65,5,7,0,0,0,'2008-11-03 22:23:50'),
 (2048,2,75,5,8,0,0,0,'2008-11-03 22:23:50'),
 (2049,2,85,5,9,0,0,0,'2008-11-03 22:23:50'),
 (2050,2,95,5,10,0,0,0,'2008-11-03 22:23:50'),
 (2051,2,6,6,1,0,0,0,'2008-11-03 22:23:50'),
 (2052,2,16,6,2,0,0,0,'2008-11-03 22:23:50'),
 (2053,2,26,6,3,0,0,0,'2008-11-03 22:23:50'),
 (2054,2,36,6,4,0,0,0,'2008-11-03 22:23:50'),
 (2055,2,46,6,5,0,0,0,'2008-11-03 22:23:50'),
 (2056,2,56,6,6,0,0,0,'2008-11-03 22:23:50'),
 (2057,2,66,6,7,0,0,0,'2008-11-03 22:23:50'),
 (2058,2,76,6,8,0,0,0,'2008-11-03 22:23:50'),
 (2059,2,86,6,9,0,0,0,'2008-11-03 22:23:50'),
 (2060,2,96,6,10,0,0,0,'2008-11-03 22:23:50'),
 (2061,2,7,7,1,0,0,0,'2008-11-03 22:23:50'),
 (2062,2,17,7,2,0,0,0,'2008-11-03 22:23:50'),
 (2063,2,27,7,3,0,0,0,'2008-11-03 22:23:50'),
 (2064,2,37,7,4,0,0,0,'2008-11-03 22:23:50'),
 (2065,2,47,7,5,0,0,0,'2008-11-03 22:23:50'),
 (2066,2,57,7,6,0,0,0,'2008-11-03 22:23:50'),
 (2067,2,67,7,7,0,0,0,'2008-11-03 22:23:50'),
 (2068,2,77,7,8,0,0,0,'2008-11-03 22:23:50'),
 (2069,2,87,7,9,0,0,0,'2008-11-03 22:23:50'),
 (2070,2,97,7,10,0,0,0,'2008-11-03 22:23:50'),
 (2071,2,8,8,1,0,0,0,'2008-11-03 22:23:50'),
 (2072,2,18,8,2,0,0,0,'2008-11-03 22:23:50'),
 (2073,2,28,8,3,0,0,0,'2008-11-03 22:23:50'),
 (2074,2,38,8,4,0,0,0,'2008-11-03 22:23:50'),
 (2075,2,48,8,5,0,0,0,'2008-11-03 22:23:50'),
 (2076,2,58,8,6,0,0,0,'2008-11-03 22:23:50'),
 (2077,2,68,8,7,0,0,0,'2008-11-03 22:23:50'),
 (2078,2,78,8,8,0,0,0,'2008-11-03 22:23:50'),
 (2079,2,88,8,9,0,0,0,'2008-11-03 22:23:50'),
 (2080,2,98,8,10,0,0,0,'2008-11-03 22:23:50'),
 (2081,2,9,9,1,0,0,0,'2008-11-03 22:23:50'),
 (2082,2,19,9,2,0,0,0,'2008-11-03 22:23:50'),
 (2083,2,29,9,3,0,0,0,'2008-11-03 22:23:50'),
 (2084,2,39,9,4,0,0,0,'2008-11-03 22:23:50'),
 (2085,2,49,9,5,0,0,0,'2008-11-03 22:23:50'),
 (2086,2,59,9,6,0,0,0,'2008-11-03 22:23:50'),
 (2087,2,69,9,7,0,0,0,'2008-11-03 22:23:50'),
 (2088,2,79,9,8,0,0,0,'2008-11-03 22:23:50'),
 (2089,2,89,9,9,0,0,0,'2008-11-03 22:23:50'),
 (2090,2,99,9,10,0,0,0,'2008-11-03 22:23:50'),
 (2091,2,10,10,1,0,0,0,'2008-11-03 22:23:50'),
 (2092,2,20,10,2,0,0,0,'2008-11-03 22:23:50'),
 (2093,2,30,10,3,0,0,0,'2008-11-03 22:23:50'),
 (2094,2,40,10,4,0,0,0,'2008-11-03 22:23:50'),
 (2095,2,50,10,5,0,0,0,'2008-11-03 22:23:50'),
 (2096,2,60,10,6,0,0,0,'2008-11-03 22:23:50'),
 (2097,2,70,10,7,0,0,0,'2008-11-03 22:23:50'),
 (2098,2,80,10,8,0,0,0,'2008-11-03 22:23:50'),
 (2099,2,90,10,9,0,0,0,'2008-11-03 22:23:50'),
 (2100,2,100,10,10,0,0,0,'2008-11-03 22:23:50'),
 (2101,2,1,1,1,0,0,0,'2008-11-03 22:25:23'),
 (2102,2,11,1,2,0,0,0,'2008-11-03 22:25:23'),
 (2103,2,21,1,3,0,0,0,'2008-11-03 22:25:23'),
 (2104,2,31,1,4,0,0,0,'2008-11-03 22:25:23'),
 (2105,2,41,1,5,0,0,0,'2008-11-03 22:25:23'),
 (2106,2,51,1,6,0,0,0,'2008-11-03 22:25:23'),
 (2107,2,61,1,7,0,0,0,'2008-11-03 22:25:23'),
 (2108,2,71,1,8,0,0,0,'2008-11-03 22:25:23'),
 (2109,2,81,1,9,0,0,0,'2008-11-03 22:25:23'),
 (2110,2,91,1,10,0,0,0,'2008-11-03 22:25:23'),
 (2111,2,2,2,1,0,0,0,'2008-11-03 22:25:23'),
 (2112,2,12,2,2,0,0,0,'2008-11-03 22:25:23'),
 (2113,2,22,2,3,0,0,0,'2008-11-03 22:25:23'),
 (2114,2,32,2,4,0,0,0,'2008-11-03 22:25:23'),
 (2115,2,42,2,5,0,0,0,'2008-11-03 22:25:23'),
 (2116,2,52,2,6,0,0,0,'2008-11-03 22:25:23'),
 (2117,2,62,2,7,0,0,0,'2008-11-03 22:25:23'),
 (2118,2,72,2,8,0,0,0,'2008-11-03 22:25:23'),
 (2119,2,82,2,9,0,0,0,'2008-11-03 22:25:23'),
 (2120,2,92,2,10,0,0,0,'2008-11-03 22:25:23'),
 (2121,2,3,3,1,0,0,0,'2008-11-03 22:25:23'),
 (2122,2,13,3,2,0,0,0,'2008-11-03 22:25:23'),
 (2123,2,23,3,3,0,0,0,'2008-11-03 22:25:23'),
 (2124,2,33,3,4,0,0,0,'2008-11-03 22:25:23'),
 (2125,2,43,3,5,0,0,0,'2008-11-03 22:25:23'),
 (2126,2,53,3,6,0,0,0,'2008-11-03 22:25:23'),
 (2127,2,63,3,7,0,0,0,'2008-11-03 22:25:23'),
 (2128,2,73,3,8,0,0,0,'2008-11-03 22:25:23'),
 (2129,2,83,3,9,0,0,0,'2008-11-03 22:25:23'),
 (2130,2,93,3,10,0,0,0,'2008-11-03 22:25:23'),
 (2131,2,4,4,1,0,0,0,'2008-11-03 22:25:23'),
 (2132,2,14,4,2,0,0,0,'2008-11-03 22:25:23'),
 (2133,2,24,4,3,0,0,0,'2008-11-03 22:25:23'),
 (2134,2,34,4,4,0,0,0,'2008-11-03 22:25:23'),
 (2135,2,44,4,5,0,0,0,'2008-11-03 22:25:23'),
 (2136,2,54,4,6,0,0,0,'2008-11-03 22:25:23'),
 (2137,2,64,4,7,0,0,0,'2008-11-03 22:25:23'),
 (2138,2,74,4,8,0,0,0,'2008-11-03 22:25:23'),
 (2139,2,84,4,9,0,0,0,'2008-11-03 22:25:23'),
 (2140,2,94,4,10,0,0,0,'2008-11-03 22:25:23'),
 (2141,2,5,5,1,0,0,0,'2008-11-03 22:25:23'),
 (2142,2,15,5,2,0,0,0,'2008-11-03 22:25:23'),
 (2143,2,25,5,3,0,0,0,'2008-11-03 22:25:23'),
 (2144,2,35,5,4,0,0,0,'2008-11-03 22:25:23'),
 (2145,2,45,5,5,0,0,0,'2008-11-03 22:25:23'),
 (2146,2,55,5,6,0,0,0,'2008-11-03 22:25:23'),
 (2147,2,65,5,7,0,0,0,'2008-11-03 22:25:23'),
 (2148,2,75,5,8,0,0,0,'2008-11-03 22:25:23'),
 (2149,2,85,5,9,0,0,0,'2008-11-03 22:25:23'),
 (2150,2,95,5,10,0,0,0,'2008-11-03 22:25:23'),
 (2151,2,6,6,1,0,0,0,'2008-11-03 22:25:23'),
 (2152,2,16,6,2,0,0,0,'2008-11-03 22:25:23'),
 (2153,2,26,6,3,0,0,0,'2008-11-03 22:25:23'),
 (2154,2,36,6,4,0,0,0,'2008-11-03 22:25:24'),
 (2155,2,46,6,5,0,0,0,'2008-11-03 22:25:24'),
 (2156,2,56,6,6,0,0,0,'2008-11-03 22:25:24'),
 (2157,2,66,6,7,0,0,0,'2008-11-03 22:25:24'),
 (2158,2,76,6,8,0,0,0,'2008-11-03 22:25:24'),
 (2159,2,86,6,9,0,0,0,'2008-11-03 22:25:24'),
 (2160,2,96,6,10,0,0,0,'2008-11-03 22:25:24'),
 (2161,2,7,7,1,0,0,0,'2008-11-03 22:25:24'),
 (2162,2,17,7,2,0,0,0,'2008-11-03 22:25:24'),
 (2163,2,27,7,3,0,0,0,'2008-11-03 22:25:24'),
 (2164,2,37,7,4,0,0,0,'2008-11-03 22:25:24'),
 (2165,2,47,7,5,0,0,0,'2008-11-03 22:25:24'),
 (2166,2,57,7,6,0,0,0,'2008-11-03 22:25:24'),
 (2167,2,67,7,7,0,0,0,'2008-11-03 22:25:24'),
 (2168,2,77,7,8,0,0,0,'2008-11-03 22:25:24'),
 (2169,2,87,7,9,0,0,0,'2008-11-03 22:25:24'),
 (2170,2,97,7,10,0,0,0,'2008-11-03 22:25:24'),
 (2171,2,8,8,1,0,0,0,'2008-11-03 22:25:24'),
 (2172,2,18,8,2,0,0,0,'2008-11-03 22:25:24'),
 (2173,2,28,8,3,0,0,0,'2008-11-03 22:25:24'),
 (2174,2,38,8,4,0,0,0,'2008-11-03 22:25:24'),
 (2175,2,48,8,5,0,0,0,'2008-11-03 22:25:24'),
 (2176,2,58,8,6,0,0,0,'2008-11-03 22:25:24'),
 (2177,2,68,8,7,0,0,0,'2008-11-03 22:25:24'),
 (2178,2,78,8,8,0,0,0,'2008-11-03 22:25:24'),
 (2179,2,88,8,9,0,0,0,'2008-11-03 22:25:24'),
 (2180,2,98,8,10,0,0,0,'2008-11-03 22:25:24'),
 (2181,2,9,9,1,0,0,0,'2008-11-03 22:25:24'),
 (2182,2,19,9,2,0,0,0,'2008-11-03 22:25:24'),
 (2183,2,29,9,3,0,0,0,'2008-11-03 22:25:24'),
 (2184,2,39,9,4,0,0,0,'2008-11-03 22:25:24'),
 (2185,2,49,9,5,0,0,0,'2008-11-03 22:25:24'),
 (2186,2,59,9,6,0,0,0,'2008-11-03 22:25:24'),
 (2187,2,69,9,7,0,0,0,'2008-11-03 22:25:24'),
 (2188,2,79,9,8,0,0,0,'2008-11-03 22:25:24'),
 (2189,2,89,9,9,0,0,0,'2008-11-03 22:25:24'),
 (2190,2,99,9,10,0,0,0,'2008-11-03 22:25:24'),
 (2191,2,10,10,1,0,0,0,'2008-11-03 22:25:24'),
 (2192,2,20,10,2,0,0,0,'2008-11-03 22:25:24'),
 (2193,2,30,10,3,0,0,0,'2008-11-03 22:25:24'),
 (2194,2,40,10,4,0,0,0,'2008-11-03 22:25:24'),
 (2195,2,50,10,5,0,0,0,'2008-11-03 22:25:24'),
 (2196,2,60,10,6,0,0,0,'2008-11-03 22:25:24'),
 (2197,2,70,10,7,0,0,0,'2008-11-03 22:25:24'),
 (2198,2,80,10,8,0,0,0,'2008-11-03 22:25:24'),
 (2199,2,90,10,9,0,0,0,'2008-11-03 22:25:24'),
 (2200,2,100,10,10,0,0,0,'2008-11-03 22:25:24'),
 (2201,2,1,1,1,0,0,0,'2008-11-03 22:30:05'),
 (2202,2,11,1,2,0,0,0,'2008-11-03 22:30:05'),
 (2203,2,21,1,3,0,0,0,'2008-11-03 22:30:05'),
 (2204,2,31,1,4,0,0,0,'2008-11-03 22:30:05'),
 (2205,2,41,1,5,0,0,0,'2008-11-03 22:30:05'),
 (2206,2,51,1,6,0,0,0,'2008-11-03 22:30:05'),
 (2207,2,61,1,7,0,0,0,'2008-11-03 22:30:05'),
 (2208,2,71,1,8,0,0,0,'2008-11-03 22:30:05'),
 (2209,2,81,1,9,0,0,0,'2008-11-03 22:30:05'),
 (2210,2,91,1,10,0,0,0,'2008-11-03 22:30:05'),
 (2211,2,2,2,1,0,0,0,'2008-11-03 22:30:05'),
 (2212,2,12,2,2,0,0,0,'2008-11-03 22:30:05'),
 (2213,2,22,2,3,0,0,0,'2008-11-03 22:30:05'),
 (2214,2,32,2,4,0,0,0,'2008-11-03 22:30:05'),
 (2215,2,42,2,5,0,0,0,'2008-11-03 22:30:05'),
 (2216,2,52,2,6,0,0,0,'2008-11-03 22:30:05'),
 (2217,2,62,2,7,0,0,0,'2008-11-03 22:30:05'),
 (2218,2,72,2,8,0,0,0,'2008-11-03 22:30:05'),
 (2219,2,82,2,9,0,0,0,'2008-11-03 22:30:05'),
 (2220,2,92,2,10,0,0,0,'2008-11-03 22:30:05'),
 (2221,2,3,3,1,0,0,0,'2008-11-03 22:30:05'),
 (2222,2,13,3,2,0,0,0,'2008-11-03 22:30:05'),
 (2223,2,23,3,3,0,0,0,'2008-11-03 22:30:05'),
 (2224,2,33,3,4,0,0,0,'2008-11-03 22:30:05'),
 (2225,2,43,3,5,0,0,0,'2008-11-03 22:30:05'),
 (2226,2,53,3,6,0,0,0,'2008-11-03 22:30:05'),
 (2227,2,63,3,7,0,0,0,'2008-11-03 22:30:05'),
 (2228,2,73,3,8,0,0,0,'2008-11-03 22:30:05'),
 (2229,2,83,3,9,0,0,0,'2008-11-03 22:30:05'),
 (2230,2,93,3,10,0,0,0,'2008-11-03 22:30:05'),
 (2231,2,4,4,1,0,0,0,'2008-11-03 22:30:05'),
 (2232,2,14,4,2,0,0,0,'2008-11-03 22:30:05'),
 (2233,2,24,4,3,0,0,0,'2008-11-03 22:30:05'),
 (2234,2,34,4,4,0,0,0,'2008-11-03 22:30:05'),
 (2235,2,44,4,5,0,0,0,'2008-11-03 22:30:05'),
 (2236,2,54,4,6,0,0,0,'2008-11-03 22:30:05'),
 (2237,2,64,4,7,0,0,0,'2008-11-03 22:30:05'),
 (2238,2,74,4,8,0,0,0,'2008-11-03 22:30:05'),
 (2239,2,84,4,9,0,0,0,'2008-11-03 22:30:05'),
 (2240,2,94,4,10,0,0,0,'2008-11-03 22:30:05'),
 (2241,2,5,5,1,0,0,0,'2008-11-03 22:30:05'),
 (2242,2,15,5,2,0,0,0,'2008-11-03 22:30:05'),
 (2243,2,25,5,3,0,0,0,'2008-11-03 22:30:05'),
 (2244,2,35,5,4,0,0,0,'2008-11-03 22:30:05'),
 (2245,2,45,5,5,0,0,0,'2008-11-03 22:30:05'),
 (2246,2,55,5,6,0,0,0,'2008-11-03 22:30:05'),
 (2247,2,65,5,7,0,0,0,'2008-11-03 22:30:05'),
 (2248,2,75,5,8,0,0,0,'2008-11-03 22:30:05'),
 (2249,2,85,5,9,0,0,0,'2008-11-03 22:30:05'),
 (2250,2,95,5,10,0,0,0,'2008-11-03 22:30:05'),
 (2251,2,6,6,1,0,0,0,'2008-11-03 22:30:05'),
 (2252,2,16,6,2,0,0,0,'2008-11-03 22:30:05'),
 (2253,2,26,6,3,0,0,0,'2008-11-03 22:30:05'),
 (2254,2,36,6,4,0,0,0,'2008-11-03 22:30:05'),
 (2255,2,46,6,5,0,0,0,'2008-11-03 22:30:05'),
 (2256,2,56,6,6,0,0,0,'2008-11-03 22:30:05'),
 (2257,2,66,6,7,0,0,0,'2008-11-03 22:30:05'),
 (2258,2,76,6,8,0,0,0,'2008-11-03 22:30:05'),
 (2259,2,86,6,9,0,0,0,'2008-11-03 22:30:05'),
 (2260,2,96,6,10,0,0,0,'2008-11-03 22:30:05'),
 (2261,2,7,7,1,0,0,0,'2008-11-03 22:30:05'),
 (2262,2,17,7,2,0,0,0,'2008-11-03 22:30:05'),
 (2263,2,27,7,3,0,0,0,'2008-11-03 22:30:05'),
 (2264,2,37,7,4,0,0,0,'2008-11-03 22:30:05'),
 (2265,2,47,7,5,0,0,0,'2008-11-03 22:30:05'),
 (2266,2,57,7,6,0,0,0,'2008-11-03 22:30:05'),
 (2267,2,67,7,7,0,0,0,'2008-11-03 22:30:05'),
 (2268,2,77,7,8,0,0,0,'2008-11-03 22:30:05'),
 (2269,2,87,7,9,0,0,0,'2008-11-03 22:30:05'),
 (2270,2,97,7,10,0,0,0,'2008-11-03 22:30:06'),
 (2271,2,8,8,1,0,0,0,'2008-11-03 22:30:06'),
 (2272,2,18,8,2,0,0,0,'2008-11-03 22:30:06'),
 (2273,2,28,8,3,0,0,0,'2008-11-03 22:30:06'),
 (2274,2,38,8,4,0,0,0,'2008-11-03 22:30:06'),
 (2275,2,48,8,5,0,0,0,'2008-11-03 22:30:06'),
 (2276,2,58,8,6,0,0,0,'2008-11-03 22:30:06'),
 (2277,2,68,8,7,0,0,0,'2008-11-03 22:30:06'),
 (2278,2,78,8,8,0,0,0,'2008-11-03 22:30:06'),
 (2279,2,88,8,9,0,0,0,'2008-11-03 22:30:06'),
 (2280,2,98,8,10,0,0,0,'2008-11-03 22:30:06'),
 (2281,2,9,9,1,0,0,0,'2008-11-03 22:30:06'),
 (2282,2,19,9,2,0,0,0,'2008-11-03 22:30:06'),
 (2283,2,29,9,3,0,0,0,'2008-11-03 22:30:06'),
 (2284,2,39,9,4,0,0,0,'2008-11-03 22:30:06'),
 (2285,2,49,9,5,0,0,0,'2008-11-03 22:30:06'),
 (2286,2,59,9,6,0,0,0,'2008-11-03 22:30:06'),
 (2287,2,69,9,7,0,0,0,'2008-11-03 22:30:06'),
 (2288,2,79,9,8,0,0,0,'2008-11-03 22:30:06'),
 (2289,2,89,9,9,0,0,0,'2008-11-03 22:30:06'),
 (2290,2,99,9,10,0,0,0,'2008-11-03 22:30:06'),
 (2291,2,10,10,1,0,0,0,'2008-11-03 22:30:06'),
 (2292,2,20,10,2,0,0,0,'2008-11-03 22:30:06'),
 (2293,2,30,10,3,0,0,0,'2008-11-03 22:30:06'),
 (2294,2,40,10,4,0,0,0,'2008-11-03 22:30:06'),
 (2295,2,50,10,5,0,0,0,'2008-11-03 22:30:06'),
 (2296,2,60,10,6,0,0,0,'2008-11-03 22:30:06'),
 (2297,2,70,10,7,0,0,0,'2008-11-03 22:30:06'),
 (2298,2,80,10,8,0,0,0,'2008-11-03 22:30:06'),
 (2299,2,90,10,9,0,0,0,'2008-11-03 22:30:06'),
 (2300,2,100,10,10,0,0,0,'2008-11-03 22:30:06');
/*!40000 ALTER TABLE `tarjeta` ENABLE KEYS */;




/*!40101 SET SQL_MODE=@OLD_SQL_MODE */;
/*!40014 SET FOREIGN_KEY_CHECKS=@OLD_FOREIGN_KEY_CHECKS */;
/*!40014 SET UNIQUE_CHECKS=@OLD_UNIQUE_CHECKS */;
/*!40101 SET CHARACTER_SET_CLIENT=@OLD_CHARACTER_SET_CLIENT */;
/*!40101 SET CHARACTER_SET_RESULTS=@OLD_CHARACTER_SET_RESULTS */;
/*!40101 SET COLLATION_CONNECTION=@OLD_COLLATION_CONNECTION */;
/*!40101 SET CHARACTER_SET_CLIENT=@OLD_CHARACTER_SET_CLIENT */;
